pl_name,pl_orbper,pl_orbpererr1,pl_orbpererr2,pl_orbperlim,pl_orbsmax,pl_orbsmaxerr1,pl_orbsmaxerr2,pl_orbsmaxlim,pl_rade,pl_radeerr1,pl_radeerr2,pl_radelim,pl_radj,pl_radjerr1,pl_radjerr2,pl_radjlim,pl_bmasse,pl_bmasseerr1,pl_bmasseerr2,pl_bmasselim,pl_bmassj,pl_bmassjerr1,pl_bmassjerr2,pl_bmassjlim,pl_orbeccen,pl_orbeccenerr1,pl_orbeccenerr2,pl_orbeccenlim,pl_insol,pl_insolerr1,pl_insolerr2,pl_insollim,pl_eqt,pl_eqterr1,pl_eqterr2,pl_eqtlim,st_spectype,st_teff,st_tefferr1,st_tefferr2,st_tefflim,st_rad,st_raderr1,st_raderr2,st_radlim,st_mass,st_masserr1,st_masserr2,st_masslim,st_met,st_meterr1,st_meterr2,st_metlim,st_logg,st_loggerr1,st_loggerr2,st_logglim,sy_dist,sy_disterr1,sy_disterr2,pl_pubdate,releasedate
Kepler-440 b,101.1114976,0.0008891,-0.0008891,0,0.334,,,0,1.47,0.19,-0.18,0,0.131,0.017,-0.016,0,,,,,,,,,0,,,0,0.39,0.13,-0.12,0,201,,,0,,3813,58,-87,0,0.48,0.06,-0.06,0,0.48,0.05,-0.07,0,-0.3,0.1,-0.2,0,4.77,0.06,-0.08,0,301.03,2.278,-2.278,24-09-2015,25-08-2015
Kepler-440 b,101.1114976,0.0008891,-0.0008891,0,0.334,,,0,1.47,0.19,-0.18,0,0.131,0.017,-0.016,0,,,,,,,,,0,,,0,0.39,0.13,-0.12,0,201,,,0,,3813,58,-87,0,0.48,0.06,-0.06,0,0.48,0.05,-0.07,0,-0.3,0.1,-0.2,0,4.77,0.06,-0.08,0,301.03,2.278,-2.278,04-12-2014,18-11-2014
Kepler-440 b,101.1114976,0.0008891,-0.0008891,0,0.334,,,0,1.47,0.19,-0.18,0,0.131,0.017,-0.016,0,,,,,,,,,0,,,0,0.39,0.13,-0.12,0,201,,,0,,3813,58,-87,0,0.48,0.06,-0.06,0,0.48,0.05,-0.07,0,-0.3,0.1,-0.2,0,4.77,0.06,-0.08,0,301.03,2.278,-2.278,18-12-2014,21-11-2014
Kepler-296 f,63.3354719,0.000927,-0.000927,0,0.2279,,,0,1.18,0.15,-0.18,0,0.105,0.013,-0.016,0,,,,,,,,,0,,,0,0.39,0.15,-0.13,0,202,,,0,,3526,71,-78,0,0.38,0.05,-0.06,0,0.39,0.06,-0.07,0,-0.08,0.15,-0.15,0,4.87,0.07,-0.04,0,,,,31-08-2017 00:00,08-05-2017
Kepler-309 c,105.3551025,0.0039,-0.0039,0,0.34966,0.01549,-0.01549,0,1.71,3.81,-3.81,0,0.153,0.34,-0.34,0,,,,,,,,,,,,,,,,,202,,,0,M0 V,3880,143,-103,0,0.49,0.07,-0.07,0,0.51,0.07,-0.07,0,-0.28,0.12,-0.12,0,,,,,544.568,5.874,-5.874,2012-05,25-02-2016
Kepler-309 c,105.3582299,0.000525,-0.000525,0,0.351,,,0,1.87,0.13,-0.17,0,0.167,0.012,-0.015,0,,,,,,,,,0,,,0,0.41,0.09,-0.1,0,204,,,0,,3883,69,-93,0,0.5,0.04,-0.04,0,0.52,0.03,-0.04,0,-0.28,0.15,-0.15,0,4.76,0.04,-0.04,0,544.568,5.874,-5.874,31-08-2017 00:00,08-05-2017
Kepler-62 f,267.283301,0.004543,-0.004543,0,0.699,,,0,1.42,0.06,-0.08,0,0.127,0.005,-0.007,0,,,,,,,,,0,,,0,0.41,0.08,-0.07,0,205,,,0,,4797,93,,0,0.65,0.03,-0.04,0,0.64,0.04,-0.02,0,-0.46,0.14,-0.14,0,4.61,0.04,-0.02,0,300.874,1.219,-1.219,24-09-2015,25-08-2015
Kepler-62 f,267.283301,0.004543,-0.004543,0,0.699,,,0,1.42,0.06,-0.08,0,0.127,0.005,-0.007,0,,,,,,,,,0,,,0,0.41,0.08,-0.07,0,205,,,0,,4797,93,,0,0.65,0.03,-0.04,0,0.64,0.04,-0.02,0,-0.46,0.14,-0.14,0,4.61,0.04,-0.02,0,300.874,1.219,-1.219,18-12-2014,21-11-2014
Kepler-62 f,267.283301,0.004543,-0.004543,0,0.699,,,0,1.42,0.06,-0.08,0,0.127,0.005,-0.007,0,,,,,,,,,0,,,0,0.41,0.08,-0.07,0,205,,,0,,4797,93,,0,0.65,0.03,-0.04,0,0.64,0.04,-0.02,0,-0.46,0.14,-0.14,0,4.61,0.04,-0.02,0,300.874,1.219,-1.219,04-12-2014,18-11-2014
Kepler-62 f,267.282521,0.00481,-0.00481,0,0.7279,,,0,1.43,0.08,-0.06,0,0.128,0.007,-0.005,0,,,,,,,,,0,,,0,0.44,0.09,-0.07,0,207,,,0,,4926,98,-98,0,0.66,0.04,-0.03,0,0.73,0.03,-0.06,0,-0.36,0.15,-0.15,0,4.65,0.02,-0.05,0,300.874,1.219,-1.219,31-08-2017 00:00,08-05-2017
Kepler-62 f,267.291,0.005,-0.005,0,0.718,0.007,-0.007,0,1.41,0.07,-0.07,0,0.126,0.006,-0.006,0,35,,,1,0.11,,,1,,,,,,,,,208,11,-11,0,K2 V,4925,70,-70,0,0.64,0.02,-0.02,0,0.69,0.02,-0.02,0,-0.37,0.04,-0.04,0,4.68,0.04,-0.04,0,300.874,1.219,-1.219,2013-05,14-05-2014
Kepler-1649 b,8.68907042,0.00003255,-0.00003255,0,0.0378,,,0,0.57,0,0,0,0.051,0,0,0,,,,,,,,,0,,,0,0.47,0,0,0,211,,,0,,2703,0,0,0,0.12,0,0,0,0.1,0,0,0,0,,,0,5.27,0,0,0,92.1913,0.5489,-0.5425,18-12-2014,21-11-2014
Kepler-1649 b,8.68907042,0.00003255,-0.00003255,0,0.0378,,,0,0.57,0,0,0,0.051,0,0,0,,,,,,,,,0,,,0,0.47,0,0,0,211,,,0,,2703,0,0,0,0.12,0,0,0,0.1,0,0,0,0,,,0,5.27,0,0,0,92.1913,0.5489,-0.5425,04-12-2014,18-11-2014
Kepler-1649 b,8.68907042,0.00003255,-0.00003255,0,0.0378,,,0,0.57,0,0,0,0.051,0,0,0,,,,,,,,,0,,,0,0.47,0,0,0,211,,,0,,2703,0,0,0,0.12,0,0,0,0.1,0,0,0,0,,,0,5.27,0,0,0,92.1913,0.5489,-0.5425,24-09-2015,25-08-2015
Kepler-1229 b,86.82974,0.0008,-0.0008,0,0.3006,0.0069,-0.0091,0,1.34,0.09,-0.14,0,0.12,0.008,-0.012,0,,,,,,,,,,,,,0.3,0.07,-0.04,0,212,19,-17,0,,3577,58,-58,0,0.45,0.03,-0.04,0,0.48,0.03,-0.05,0,0.16,0.08,-0.08,0,4.81,0.04,-0.03,0,265.482,3.397,-3.315,2017-12,17-11-2017
TRAPPIST-1 f,9.20669,0.000015,-0.000015,0,0.0371,0.0011,-0.0011,0,1.045,0.038,-0.038,0,0.093,0.003,-0.003,0,0.68,0.18,-0.18,0,0.00214,0.00057,-0.00057,0,0.063,,,1,0.38,0.03,-0.03,0,219,4,-4,0,,2559,50,-50,0,0.12,0,0,0,0.08,0.01,-0.01,0,0.04,0.08,-0.08,0,,,,,,,,2017-02,22-02-2017
Kepler-452 b,384.843022,0.009989,-0.009989,0,0.9892,,,0,1.13,0.35,-0.09,0,0.101,0.031,-0.008,0,,,,,,,,,0,,,0,0.56,0.51,-0.13,0,220,,,0,,5578,153,-137,0,0.79,0.25,-0.06,0,0.87,0.09,-0.09,0,-0.24,0.32,-0.28,0,4.58,0.03,-0.03,0,551.727,5.236,-5.141,24-09-2015,25-08-2015
Kepler-452 b,384.847556,0.007105,-0.007105,0,0.994,,,0,1.09,0.2,-0.1,0,0.097,0.018,-0.009,0,,,,,,,,,0,,,0,0.56,0.32,-0.15,0,220,,,0,,5579,150,-150,0,0.8,0.15,-0.07,0,0.89,0.08,-0.11,0,-0.22,0.3,-0.3,0,4.58,0.03,-0.13,0,551.727,5.236,-5.141,31-08-2017 00:00,08-05-2017
K2-288 B b,31.393463,0.000067,-0.000069,0,0.164,0.03,-0.03,0,1.9,0.3,-0.3,0,0.17,0.027,-0.027,0,,,,,,,,,,,,,,,,,226,22,-22,0,M3 V,3341,276,-276,0,0.32,0.03,-0.03,0,0.33,0.02,-0.02,0,-0.21,0.09,-0.09,0,4.96,0.02,-0.02,0,65.6138,0.8821,-0.8594,2019-01,10-01-2019
LHS 1140 b,24.73723,0.00002,-0.00002,0,0.0946,0.0017,-0.0017,0,1.73,0.025,-0.025,0,0.154,0.002,-0.002,0,5.6,0.19,-0.19,0,0.01762,0.0006,-0.0006,0,0.043,,,1,0.43,0.03,-0.03,0,226,4,-4,0,M4.5 V,3096,48,-48,0,0.22,0,0,0,0.18,0,0,0,-0.15,0.09,-0.09,0,5.04,0.02,-0.02,0,14.9861,0.0153,-0.0152,2024-01,04-03-2024
Kepler-1229 b,86.8299,0.0023,-0.0023,0,0.313,,,0,1.66,0.67,-0.67,0,0.148,0.06,-0.06,0,,,,,,,,,0,,,0,,,,0,228,,,0,,4013,200,-200,0,0.52,0.03,-0.03,0,0.54,0.04,-0.04,0,,,,0,4.74,0.3,-0.3,0,265.482,3.397,-3.315,08-01-2014,28-10-2013
Kepler-1652 b,38.0972378,0.000286,-0.000286,0,0.1576,,,0,1.12,0.16,-0.35,0,0.1,0.014,-0.031,0,,,,,,,,,0,,,0,0.65,0.25,-0.38,0,229,,,0,,3482,57,-120,0,0.35,0.05,-0.11,0,0.36,0.06,-0.12,0,-0.1,0.1,-0.1,0,4.91,0.12,-0.08,0,,,,04-12-2014,18-11-2014
Kepler-1652 b,38.0972378,0.000286,-0.000286,0,0.1576,,,0,1.12,0.16,-0.35,0,0.1,0.014,-0.031,0,,,,,,,,,0,,,0,0.65,0.25,-0.38,0,229,,,0,,3482,57,-120,0,0.35,0.05,-0.11,0,0.36,0.06,-0.12,0,-0.1,0.1,-0.1,0,4.91,0.12,-0.08,0,,,,18-12-2014,21-11-2014
Kepler-1652 b,38.0972378,0.000286,-0.000286,0,0.1576,,,0,1.12,0.16,-0.35,0,0.1,0.014,-0.031,0,,,,,,,,,0,,,0,0.65,0.25,-0.38,0,229,,,0,,3482,57,-120,0,0.35,0.05,-0.11,0,0.36,0.06,-0.12,0,-0.1,0.1,-0.1,0,4.91,0.12,-0.08,0,,,,24-09-2015,25-08-2015
Kepler-440 b,101.1107014,0.0009529,-0.0009529,0,0.3548,,,0,1.61,0.1,-0.08,0,0.144,0.009,-0.007,0,,,,,,,,,0,,,0,0.65,0.14,-0.11,0,229,,,0,,4133,74,-82,0,0.56,0.03,-0.03,0,0.58,0.03,-0.03,0,-0.3,0.15,-0.15,0,4.71,0.02,-0.03,0,301.03,2.278,-2.278,31-08-2017 00:00,08-05-2017
Kepler-705 b,56.0560538,0.0002486,-0.0002486,0,0.2261,,,0,1.96,0.25,-0.25,0,0.175,0.022,-0.022,0,,,,,,,,,0,,,0,0.64,0.23,-0.18,0,229,,,0,,3593,58,-66,0,0.47,0.06,-0.06,0,0.49,0.06,-0.06,0,0.16,0.11,-0.11,0,4.78,0.08,-0.08,0,276.881,3.858,-3.755,04-12-2014,18-11-2014
Kepler-705 b,56.0560538,0.0002486,-0.0002486,0,0.2261,,,0,1.96,0.25,-0.25,0,0.175,0.022,-0.022,0,,,,,,,,,0,,,0,0.64,0.23,-0.18,0,229,,,0,,3593,58,-66,0,0.47,0.06,-0.06,0,0.49,0.06,-0.06,0,0.16,0.11,-0.11,0,4.78,0.08,-0.08,0,276.881,3.858,-3.755,18-12-2014,21-11-2014
Kepler-705 b,56.0560538,0.0002486,-0.0002486,0,0.2261,,,0,1.96,0.25,-0.25,0,0.175,0.022,-0.022,0,,,,,,,,,0,,,0,0.64,0.23,-0.18,0,229,,,0,,3593,58,-66,0,0.47,0.06,-0.06,0,0.49,0.06,-0.06,0,0.16,0.11,-0.11,0,4.78,0.08,-0.08,0,276.881,3.858,-3.755,24-09-2015,25-08-2015
Kepler-1341 b,132.9955,0.0036,-0.0036,0,0.445,,,0,1.93,0.91,-0.91,0,0.172,0.081,-0.081,0,,,,,,,,,0,,,0,,,,0,230,,,0,,4535,60,-60,0,0.59,0.01,-0.01,0,0.66,0.01,-0.01,0,,,,0,4.72,0.3,-0.3,0,476.957,5.002,-4.901,08-01-2014,28-10-2013
LHS 1140 b,24.73712,0.00025,-0.00025,0,0.0875,0.0041,-0.0041,0,1.43,0.1,-0.1,0,0.128,0.009,-0.009,0,6.65,1.82,-1.82,0,0.02092,0.00573,-0.00573,0,0.29,,,1,0.46,,,0,230,20,-20,0,M4.5 V,3131,100,-100,0,0.19,0.01,-0.01,0,0.15,0.02,-0.02,0,-0.24,0.14,-0.14,0,,,,,14.9861,0.0153,-0.0152,2017-04,27-04-2017
Kepler-1632 b,448.303558,0.004164,-0.004164,0,1.0846,,,0,1.66,0.73,-0.13,0,0.148,0.065,-0.012,0,,,,,,,,,0,,,0,0.68,0.89,-0.16,0,232,,,0,,6070,161,-155,0,0.81,0.36,-0.06,0,0.84,0.09,-0.07,0,-0.76,0.3,-0.28,0,4.55,0.04,-0.31,0,716.76,6.705,-6.585,18-12-2014,21-11-2014
Kepler-1632 b,448.303558,0.004164,-0.004164,0,1.0846,,,0,1.66,0.73,-0.13,0,0.148,0.065,-0.012,0,,,,,,,,,0,,,0,0.68,0.89,-0.16,0,232,,,0,,6070,161,-155,0,0.81,0.36,-0.06,0,0.84,0.09,-0.07,0,-0.76,0.3,-0.28,0,4.55,0.04,-0.31,0,716.76,6.705,-6.585,24-09-2015,25-08-2015
Kepler-705 b,56.0560754,0.0002753,-0.0002753,0,0.228,,,0,1.94,0.12,-0.22,0,0.173,0.011,-0.02,0,,,,,,,,,0,,,0,0.69,0.15,-0.19,0,233,,,0,,3593,71,-86,0,0.49,0.03,-0.06,0,0.5,0.04,-0.05,0,0.26,0.15,-0.15,0,4.76,0.05,-0.03,0,276.881,3.858,-3.755,31-08-2017 00:00,08-05-2017
Kepler-1649 c,19.53527,0.0001,-0.0001,0,,,,,1.06,0.15,-0.1,0,0.095,0.013,-0.009,0,,,,,,,,,,,,,0.75,0.03,-0.3,0,234,20,-20,0,,3240,61,-61,0,0.23,0,0,0,0.2,0.01,-0.01,0,-0.15,0.11,-0.11,0,5,0.02,-0.02,0,92.1913,0.5489,-0.5425,2020-04,23-04-2020
TOI-715 b,19.288004,0.000027,-0.000024,0,0.083,0.0027,-0.0027,0,1.55,0.064,-0.064,0,0.138,0.006,-0.006,0,,,,,,,,,,,,,0.67,0.15,-0.2,0,234,12,-12,0,M4,3075,75,-75,0,0.24,0.01,-0.01,0,0.23,0.01,-0.01,0,-0.25,0.25,-0.25,0,5,0.2,-0.2,0,42.4048,0.0857,-0.0854,2023-05,26-05-2023
LHS 1140 b,24.736959,0.00008,-0.00008,0,0.0936,0.0024,-0.0024,0,1.727,0.032,-0.032,0,0.154,0.003,-0.003,0,6.98,0.89,-0.89,0,0.02196,0.0028,-0.0028,0,0.06,,,1,0.5,0.03,-0.03,0,235,5,-5,0,,3216,39,-39,0,0.21,0,0,0,0.18,0.01,-0.01,0,-0.24,0.1,-0.1,0,,,,,14.9861,0.0153,-0.0152,2019-01,06-12-2018
TOI-715 b,19.28797174,0.00005552,-0.00005552,0,,,,,1.595,0.25,-0.25,0,0.142,0.022,-0.022,0,,,,,,,,,,,,,0.72,,,0,235,,,0,,3075,,,0,0.23,0.01,-0.01,0,,,,,,,,,4.44,,,0,42.4048,0.0857,-0.0854,2017-07,04-12-2023
Kepler-283 c,92.7495777,0.0006942,-0.0006942,0,0.3378,,,0,1.87,0.08,-0.1,0,0.167,0.007,-0.009,0,,,,,,,,,0,,,0,0.78,0.15,-0.14,0,240,,,0,,4141,83,-91,0,0.58,0.03,-0.03,0,0.6,0.03,-0.04,0,-0.2,0.15,-0.15,0,4.68,0.02,-0.03,0,468.094,7.94,-7.684,31-08-2017 00:00,08-05-2017
Kepler-1544 b,168.81133,0.002102,-0.002102,0,0.5459,,,0,1.69,0.1,-0.06,0,0.151,0.009,-0.005,0,,,,,,,,,0,,,0,0.8,0.17,-0.12,0,241,,,0,,4798,95,-95,0,0.71,0.04,-0.03,0,0.77,0.03,-0.05,0,0,0.15,-0.15,0,4.62,0.01,-0.04,0,335.09,1.666,-1.65,31-08-2017 00:00,08-05-2017
Kepler-296 f,63.33828,0.00094,-0.00094,0,0.249,,,0,1.61,0.5,-0.5,0,0.144,0.045,-0.045,0,,,,,,,,,0,,,0,,,,0,241,,,0,,3862,200,-200,0,0.5,0.02,-0.02,0,0.52,0.03,-0.03,0,,,,0,4.75,0.3,-0.3,0,,,,08-01-2014,28-10-2013
Kepler-442 b,112.303136,0.001722,-0.001722,0,0.3874,,,0,1.3,0.07,-0.05,0,0.116,0.006,-0.004,0,,,,,,,,,0,,,0,0.79,0.15,-0.11,0,241,,,0,,4401,78,-78,0,0.59,0.03,-0.02,0,0.61,0.03,-0.03,0,-0.38,0.15,-0.15,0,4.68,0.02,-0.03,0,365.965,2.763,-2.724,31-08-2017 00:00,08-05-2017
Kepler-1652 b,38.0970717,0.0003079,-0.0003079,0,0.1667,,,0,1.58,0.2,-0.21,0,0.141,0.018,-0.019,0,,,,,,,,,0,,,0,0.81,0.3,-0.25,0,242,,,0,,3554,71,-80,0,0.4,0.05,-0.05,0,0.43,0.05,-0.08,0,-0.04,0.15,-0.15,0,4.87,0.06,-0.06,0,,,,31-08-2017 00:00,08-05-2017
Kepler-1410 b,60.8660974,0.0006497,-0.0006497,0,0.2465,,,0,1.39,0.07,-0.1,0,0.124,0.006,-0.009,0,,,,,,,,,0,,,0,0.84,0.17,-0.16,0,244,,,0,,3808,69,-76,0,0.52,0.03,-0.04,0,0.54,0.03,-0.04,0,-0.02,0.15,-0.15,0,4.73,0.03,-0.03,0,,,,31-08-2017 00:00,08-05-2017
Kepler-296 e,34.14189,0.0002635,-0.0002635,0,0.1492,,,0,1.08,0.18,-0.17,0,0.096,0.016,-0.015,0,,,,,,,,,0,,,0,0.84,0.39,-0.29,0,244,,,0,,3517,70,-57,0,0.37,0.06,-0.06,0,0.38,0.06,-0.06,0,-0.07,0.11,-0.11,0,4.88,0.1,-0.1,0,,,,18-12-2014,21-11-2014
Kepler-296 e,34.14189,0.0002635,-0.0002635,0,0.1492,,,0,1.08,0.18,-0.17,0,0.096,0.016,-0.015,0,,,,,,,,,0,,,0,0.84,0.39,-0.29,0,244,,,0,,3517,70,-57,0,0.37,0.06,-0.06,0,0.38,0.06,-0.06,0,-0.07,0.11,-0.11,0,4.88,0.1,-0.1,0,,,,24-09-2015,25-08-2015
Kepler-296 e,34.14189,0.0002635,-0.0002635,0,0.1492,,,0,1.08,0.18,-0.17,0,0.096,0.016,-0.015,0,,,,,,,,,0,,,0,0.84,0.39,-0.29,0,244,,,0,,3517,70,-57,0,0.37,0.06,-0.06,0,0.38,0.06,-0.06,0,-0.07,0.11,-0.11,0,4.88,0.1,-0.1,0,,,,04-12-2014,18-11-2014
TOI-700 d,37.42368383,0.00014946,-0.00014946,0,,,,,1.33,0.122,-0.122,0,0.119,0.011,-0.011,0,,,,,,,,,,,,,0.88,,,0,247,,,0,,3482,,,0,0.42,0.01,-0.01,0,,,,,,,,,4.44,,,0,31.1265,0.0206,-0.0206,2017-07,16-02-2024
Kepler-296 e,34.1420506,0.0002289,-0.0002289,0,0.151,,,0,1.06,0.13,-0.16,0,0.095,0.012,-0.014,0,,,,,,,,,0,,,0,0.89,0.33,-0.3,0,248,,,0,,3526,71,-78,0,0.38,0.05,-0.06,0,0.39,0.06,-0.07,0,-0.08,0.15,-0.15,0,4.87,0.07,-0.04,0,,,,31-08-2017 00:00,08-05-2017
Kepler-1410 b,60.866168,0.0005161,-0.0005161,0,0.247,,,0,1.56,0.15,-0.15,0,0.139,0.013,-0.013,0,,,,,,,,,0,,,0,0.93,0.25,-0.21,0,251,,,0,,3903,50,-60,0,0.52,0.05,-0.05,0,0.54,0.05,-0.05,0,-0.2,0.1,-0.1,0,4.74,0.06,-0.06,0,,,,24-09-2015,25-08-2015
Kepler-1410 b,60.866168,0.0005161,-0.0005161,0,0.247,,,0,1.56,0.15,-0.15,0,0.139,0.013,-0.013,0,,,,,,,,,0,,,0,0.93,0.25,-0.21,0,251,,,0,,3903,50,-60,0,0.52,0.05,-0.05,0,0.54,0.05,-0.05,0,-0.2,0.1,-0.1,0,4.74,0.06,-0.06,0,,,,04-12-2014,18-11-2014
Kepler-1410 b,60.866168,0.0005161,-0.0005161,0,0.247,,,0,1.56,0.15,-0.15,0,0.139,0.013,-0.013,0,,,,,,,,,0,,,0,0.93,0.25,-0.21,0,251,,,0,,3903,50,-60,0,0.52,0.05,-0.05,0,0.54,0.05,-0.05,0,-0.2,0.1,-0.1,0,4.74,0.06,-0.06,0,,,,18-12-2014,21-11-2014
TRAPPIST-1 e,6.099615,0.000011,-0.000011,0,0.02817,0.00083,-0.00087,0,0.918,0.039,-0.039,0,0.082,0.003,-0.003,0,0.62,0.58,-0.58,0,0.00195,0.00182,-0.00182,0,0.085,,,1,0.66,0.05,-0.05,0,251,5,-5,0,,2559,50,-50,0,0.12,0,0,0,0.08,0.01,-0.01,0,0.04,0.08,-0.08,0,,,,,,,,2017-02,22-02-2017
Kepler-62 e,122.38742,0.00077,-0.00077,0,0.417,,,0,1.54,0.07,-0.07,0,0.137,0.006,-0.006,0,,,,,,,,,0,,,0,,,,0,255,,,0,,4807,50,-50,0,0.6,0.02,-0.02,0,0.65,0.02,-0.02,0,,,,0,4.69,0.1,-0.1,0,300.874,1.219,-1.219,08-01-2014,28-10-2013
Kepler-1544 b,168.811174,0.001271,-0.001271,0,0.54,,,0,1.83,4.73,-0.17,0,0.163,0.422,-0.015,0,,,,,,,,,0,,,0,1.02,13.7,-0.25,0,256,,,0,,4893,141,-110,0,0.76,1.97,-0.07,0,0.73,0.28,-0.06,0,-0.04,0.28,-0.24,0,4.54,0.06,-0.98,0,335.09,1.666,-1.65,24-09-2015,25-08-2015
Kepler-1544 b,168.811174,0.001271,-0.001271,0,0.54,,,0,1.83,4.73,-0.17,0,0.163,0.422,-0.015,0,,,,,,,,,0,,,0,1.02,13.7,-0.25,0,256,,,0,,4893,141,-110,0,0.76,1.97,-0.07,0,0.73,0.28,-0.06,0,-0.04,0.28,-0.24,0,4.54,0.06,-0.98,0,335.09,1.666,-1.65,04-12-2014,18-11-2014
Kepler-1544 b,168.811174,0.001271,-0.001271,0,0.54,,,0,1.83,4.73,-0.17,0,0.163,0.422,-0.015,0,,,,,,,,,0,,,0,1.02,13.7,-0.25,0,256,,,0,,4893,141,-110,0,0.76,1.97,-0.07,0,0.73,0.28,-0.06,0,-0.04,0.28,-0.24,0,4.54,0.06,-0.98,0,335.09,1.666,-1.65,18-12-2014,21-11-2014
Kepler-1653 b,140.252515,0.002146,-0.002146,0,0.4651,,,0,1.73,0.18,-0.16,0,0.154,0.016,-0.014,0,,,,,,,,,0,,,0,1.04,0.39,-0.28,0,257,,,0,,4771,149,-130,0,0.7,0.07,-0.07,0,0.68,0.09,-0.05,0,-0.22,0.34,-0.28,0,4.59,0.05,-0.04,0,,,,18-12-2014,21-11-2014
Kepler-1653 b,140.252515,0.002146,-0.002146,0,0.4651,,,0,1.73,0.18,-0.16,0,0.154,0.016,-0.014,0,,,,,,,,,0,,,0,1.04,0.39,-0.28,0,257,,,0,,4771,149,-130,0,0.7,0.07,-0.07,0,0.68,0.09,-0.05,0,-0.22,0.34,-0.28,0,4.59,0.05,-0.04,0,,,,24-09-2015,25-08-2015
Kepler-1653 b,140.252515,0.002146,-0.002146,0,0.4651,,,0,1.73,0.18,-0.16,0,0.154,0.016,-0.014,0,,,,,,,,,0,,,0,1.04,0.39,-0.28,0,257,,,0,,4771,149,-130,0,0.7,0.07,-0.07,0,0.68,0.09,-0.05,0,-0.22,0.34,-0.28,0,4.59,0.05,-0.04,0,,,,04-12-2014,18-11-2014
Kepler-442 b,112.306839,0.002432,-0.002432,0,0.393,,,0,1.56,0.14,-0.15,0,0.139,0.012,-0.013,0,,,,,,,,,0,,,0,1.08,0.37,-0.29,0,260,,,0,,4569,141,-124,0,0.65,0.06,-0.06,0,0.64,0.07,-0.05,0,-0.28,0.35,-0.3,0,4.62,0.05,-0.03,0,365.965,2.763,-2.724,24-09-2015,25-08-2015
Kepler-442 b,112.306839,0.002432,-0.002432,0,0.393,,,0,1.56,0.14,-0.15,0,0.139,0.012,-0.013,0,,,,,,,,,0,,,0,1.08,0.37,-0.29,0,260,,,0,,4569,141,-124,0,0.65,0.06,-0.06,0,0.64,0.07,-0.05,0,-0.28,0.35,-0.3,0,4.62,0.05,-0.03,0,365.965,2.763,-2.724,18-12-2014,21-11-2014
Kepler-442 b,112.306839,0.002432,-0.002432,0,0.393,,,0,1.56,0.14,-0.15,0,0.139,0.012,-0.013,0,,,,,,,,,0,,,0,1.08,0.37,-0.29,0,260,,,0,,4569,141,-124,0,0.65,0.06,-0.06,0,0.64,0.07,-0.05,0,-0.28,0.35,-0.3,0,4.62,0.05,-0.03,0,365.965,2.763,-2.724,04-12-2014,18-11-2014
Kepler-1410 b,60.8713,0.0021,-0.0021,0,0.25,,,0,1.41,0.12,-0.12,0,0.126,0.011,-0.011,0,,,,,,,,,0,,,0,,,,0,264,,,0,,4110,61,-61,0,0.53,0.01,-0.01,0,0.56,0.01,-0.01,0,,,,0,4.73,0.3,-0.3,0,,,,08-01-2014,28-10-2013
Kepler-395 c,34.9894475,0.0003378,-0.0003378,0,0.1561,,,0,1.25,0.15,-0.44,0,0.112,0.013,-0.039,0,,,,,,,,,0,,,0,1.14,0.39,-0.74,0,264,,,0,,3735,54,-164,0,0.4,0.05,-0.14,0,0.41,0.05,-0.15,0,-0.5,0.1,-0.4,0,4.85,0.12,-0.08,0,421.382,8.0905,-8.0905,24-09-2015,25-08-2015
Kepler-395 c,34.9894475,0.0003378,-0.0003378,0,0.1561,,,0,1.25,0.15,-0.44,0,0.112,0.013,-0.039,0,,,,,,,,,0,,,0,1.14,0.39,-0.74,0,264,,,0,,3735,54,-164,0,0.4,0.05,-0.14,0,0.41,0.05,-0.15,0,-0.5,0.1,-0.4,0,4.85,0.12,-0.08,0,421.382,8.0905,-8.0905,18-12-2014,21-11-2014
Kepler-395 c,34.9894475,0.0003378,-0.0003378,0,0.1561,,,0,1.25,0.15,-0.44,0,0.112,0.013,-0.039,0,,,,,,,,,0,,,0,1.14,0.39,-0.74,0,264,,,0,,3735,54,-164,0,0.4,0.05,-0.14,0,0.41,0.05,-0.15,0,-0.5,0.1,-0.4,0,4.85,0.12,-0.08,0,421.382,8.0905,-8.0905,04-12-2014,18-11-2014
Kepler-235 e,46.18415,0.0002451,-0.0002451,0,0.2014,,,0,1.94,0.29,-0.28,0,0.173,0.026,-0.025,0,,,,,,,,,0,,,0,1.16,0.68,-0.38,0,265,,,0,,3887,188,-78,0,0.48,0.07,-0.07,0,0.51,0.07,-0.07,0,-0.36,0.12,-0.12,0,4.78,0.09,-0.09,0,428.018,6.695,-6.495,04-12-2014,18-11-2014
Kepler-235 e,46.18415,0.0002451,-0.0002451,0,0.2014,,,0,1.94,0.29,-0.28,0,0.173,0.026,-0.025,0,,,,,,,,,0,,,0,1.16,0.68,-0.38,0,265,,,0,,3887,188,-78,0,0.48,0.07,-0.07,0,0.51,0.07,-0.07,0,-0.36,0.12,-0.12,0,4.78,0.09,-0.09,0,428.018,6.695,-6.495,24-09-2015,25-08-2015
Kepler-235 e,46.18415,0.0002451,-0.0002451,0,0.2014,,,0,1.94,0.29,-0.28,0,0.173,0.026,-0.025,0,,,,,,,,,0,,,0,1.16,0.68,-0.38,0,265,,,0,,3887,188,-78,0,0.48,0.07,-0.07,0,0.51,0.07,-0.07,0,-0.36,0.12,-0.12,0,4.78,0.09,-0.09,0,428.018,6.695,-6.495,18-12-2014,21-11-2014
Kepler-452 b,384.843,0.007,-0.012,0,1.046,0.019,-0.015,0,1.63,0.23,-0.2,0,0.145,0.021,-0.018,0,,,,,,,,,,,,,1.1,0.29,-0.22,0,265,15,-13,0,G2,5757,85,-85,0,1.11,0.15,-0.09,0,1.04,0.05,-0.05,0,0.21,0.09,-0.09,0,4.32,0.09,-0.09,0,551.727,5.236,-5.141,2015-08,23-07-2015
Kepler-62 e,122.3863812,0.0004967,-0.0004967,0,0.4152,,,0,1.73,0.08,-0.09,0,0.154,0.007,-0.008,0,,,,,,,,,0,,,0,1.17,0.21,-0.21,0,265,,,0,,4797,93,,0,0.65,0.03,-0.04,0,0.64,0.04,-0.02,0,-0.46,0.14,-0.14,0,4.61,0.04,-0.02,0,300.874,1.219,-1.219,04-12-2014,18-11-2014
Kepler-62 e,122.3863812,0.0004967,-0.0004967,0,0.4152,,,0,1.73,0.08,-0.09,0,0.154,0.007,-0.008,0,,,,,,,,,0,,,0,1.17,0.21,-0.21,0,265,,,0,,4797,93,,0,0.65,0.03,-0.04,0,0.64,0.04,-0.02,0,-0.46,0.14,-0.14,0,4.61,0.04,-0.02,0,300.874,1.219,-1.219,24-09-2015,25-08-2015
Kepler-62 e,122.3863812,0.0004967,-0.0004967,0,0.4152,,,0,1.73,0.08,-0.09,0,0.154,0.007,-0.008,0,,,,,,,,,0,,,0,1.17,0.21,-0.21,0,265,,,0,,4797,93,,0,0.65,0.03,-0.04,0,0.64,0.04,-0.02,0,-0.46,0.14,-0.14,0,4.61,0.04,-0.02,0,300.874,1.219,-1.219,18-12-2014,21-11-2014
Kepler-235 e,46.18510056,0.0019,-0.0019,0,0.20087,0.00903,-0.00903,0,1.79,0.27,-0.27,0,0.16,0.024,-0.024,0,,,,,,,,,,,,,,,,,266,,,0,M0 V,3887,188,-78,0,0.48,0.07,-0.07,0,0.51,0.07,-0.07,0,-0.36,0.12,-0.12,0,,,,,428.018,6.695,-6.495,2012-05,25-02-2016
Kepler-560 b,18.47762694,0.00001563,-0.00001563,0,0.0887,,,0,1.55,0.32,-0.29,0,0.138,0.029,-0.026,0,,,,,,,,,0,,,0,1.21,0.72,-0.47,0,267,,,0,,3395,74,-67,0,0.28,0.06,-0.05,0,0.27,0.07,-0.06,0,-0.12,0.15,-0.15,0,4.97,0.07,-0.07,0,109.308,0.413,-0.41,31-08-2017 00:00,08-05-2017
Kepler-1652 b,38.09722,0.00021,-0.00021,0,0.1654,0.0042,-0.0075,0,1.6,0.18,-0.18,0,0.143,0.016,-0.016,0,,,,,,,,,,,,,0.81,0.16,-0.13,0,268,27,-20,0,,3638,51,-51,0,0.38,0.04,-0.04,0,0.4,0.04,-0.05,0,-0.3,0.12,-0.12,0,4.88,0.05,-0.04,0,,,,2017-12,16-11-2017
Kepler-1544 b,168.8116,0.002,-0.002,0,0.5421,0.0069,-0.0088,0,1.79,0.079,-0.119,0,0.16,0.007,-0.011,0,,,,,,,,,,,,,0.82,0.13,-0.1,0,269,25,-20,0,,4820,100,-100,0,0.71,0.03,-0.03,0,0.74,0.03,-0.03,0,-0.08,0.1,-0.1,0,4.61,0.02,-0.03,0,335.09,1.666,-1.65,2017-12,17-11-2017
Kepler-62 e,122.3858681,0.0005022,-0.0005022,0,0.4324,,,0,1.72,0.1,-0.07,0,0.153,0.009,-0.006,0,,,,,,,,,0,,,0,1.24,0.27,-0.19,0,269,,,0,,4926,98,-98,0,0.66,0.04,-0.03,0,0.73,0.03,-0.06,0,-0.36,0.15,-0.15,0,4.65,0.02,-0.05,0,300.874,1.219,-1.219,31-08-2017 00:00,08-05-2017
TOI-700 d,37.42475,0.00036,-0.0004,0,0.1633,0.0026,-0.0027,0,1.144,0.062,-0.061,0,0.102,0.006,-0.005,0,,,,,,,,,0.111,0.14,-0.078,0,0.85,0.1,-0.1,0,269,8,-8,0,,3461,66,-66,0,0.42,0.02,-0.02,0,0.41,0.02,-0.02,0,-0.07,0.11,-0.11,0,4.8,0.04,-0.04,0,31.1265,0.0206,-0.0206,2020-09,23-07-2020
Kepler-560 b,18.47764449,0.00001517,-0.00001517,0,0.0916,,,0,1.57,0.26,-0.26,0,0.14,0.023,-0.023,0,,,,,,,,,0,,,0,1.26,0.58,-0.43,0,270,,,0,,3387,59,-50,0,0.3,0.05,-0.05,0,0.3,0.05,-0.05,0,-0.09,0.1,-0.1,0,4.96,0.1,-0.1,0,109.308,0.413,-0.41,18-12-2014,21-11-2014
Kepler-560 b,18.47764449,0.00001517,-0.00001517,0,0.0916,,,0,1.57,0.26,-0.26,0,0.14,0.023,-0.023,0,,,,,,,,,0,,,0,1.26,0.58,-0.43,0,270,,,0,,3387,59,-50,0,0.3,0.05,-0.05,0,0.3,0.05,-0.05,0,-0.09,0.1,-0.1,0,4.96,0.1,-0.1,0,109.308,0.413,-0.41,24-09-2015,25-08-2015
Kepler-560 b,18.47764449,0.00001517,-0.00001517,0,0.0916,,,0,1.57,0.26,-0.26,0,0.14,0.023,-0.023,0,,,,,,,,,0,,,0,1.26,0.58,-0.43,0,270,,,0,,3387,59,-50,0,0.3,0.05,-0.05,0,0.3,0.05,-0.05,0,-0.09,0.1,-0.1,0,4.96,0.1,-0.1,0,109.308,0.413,-0.41,04-12-2014,18-11-2014
Kepler-62 e,122.3874,0.0008,-0.0008,0,0.427,0.004,-0.004,0,1.61,0.05,-0.05,0,0.144,0.004,-0.004,0,36,,,1,0.113,,,1,,,,,,,,,270,15,-15,0,K2 V,4925,70,-70,0,0.64,0.02,-0.02,0,0.69,0.02,-0.02,0,-0.37,0.04,-0.04,0,4.68,0.04,-0.04,0,300.874,1.219,-1.219,2013-05,14-05-2014
Kepler-1455 b,49.2768448,0.0003357,-0.0003357,0,0.2126,,,0,1.75,0.09,-0.13,0,0.156,0.008,-0.012,0,,,,,,,,,0,,,0,1.28,0.26,-0.26,0,271,,,0,,3899,78,-78,0,0.53,0.03,-0.04,0,0.53,0.04,-0.03,0,-0.2,0.15,-0.15,0,4.71,0.04,-0.02,0,357.621,5.284,-5.284,31-08-2017 00:00,08-05-2017
Kepler-155 c,52.6615836,0.000128,-0.000128,0,0.2267,,,0,1.76,0.23,-0.23,0,0.157,0.021,-0.021,0,,,,,,,,,0,,,0,1.28,0.81,-0.37,0,271,,,0,,3985,251,-64,0,0.54,0.07,-0.07,0,0.56,0.08,-0.08,0,-0.22,0.11,-0.11,0,4.72,0.08,-0.08,0,293.499,2.279,-2.279,18-12-2014,21-11-2014
Kepler-155 c,52.6615836,0.000128,-0.000128,0,0.2267,,,0,1.76,0.23,-0.23,0,0.157,0.021,-0.021,0,,,,,,,,,0,,,0,1.28,0.81,-0.37,0,271,,,0,,3985,251,-64,0,0.54,0.07,-0.07,0,0.56,0.08,-0.08,0,-0.22,0.11,-0.11,0,4.72,0.08,-0.08,0,293.499,2.279,-2.279,04-12-2014,18-11-2014
Kepler-155 c,52.6615266,0.000136,-0.000136,0,0.2262,,,0,1.87,0.11,-0.12,0,0.167,0.01,-0.011,0,,,,,,,,,0,,,0,1.28,0.26,-0.25,0,271,,,0,,3984,71,-86,0,0.54,0.03,-0.04,0,0.56,0.03,-0.04,0,-0.22,0.15,-0.15,0,4.72,0.03,-0.03,0,293.499,2.279,-2.279,31-08-2017 00:00,08-05-2017
Kepler-155 c,52.6615836,0.000128,-0.000128,0,0.2267,,,0,1.76,0.23,-0.23,0,0.157,0.021,-0.021,0,,,,,,,,,0,,,0,1.28,0.81,-0.37,0,271,,,0,,3985,251,-64,0,0.54,0.07,-0.07,0,0.56,0.08,-0.08,0,-0.22,0.11,-0.11,0,4.72,0.08,-0.08,0,293.499,2.279,-2.279,24-09-2015,25-08-2015
Kepler-1653 b,140.251943,0.001677,-0.001677,0,0.4836,,,0,1.84,0.05,-0.12,0,0.164,0.004,-0.011,0,,,,,,,,,0,,,0,1.28,0.17,-0.24,0,271,,,0,,4821,76,-86,0,0.79,0.02,-0.05,0,0.77,0.05,-0.03,0,0.16,0.15,-0.15,0,4.53,0.06,-0.02,0,,,,31-08-2017 00:00,08-05-2017
Kepler-436 b,64.001151,0.0008289,-0.0008289,0,0.2502,,,0,1.9,0.14,-0.2,0,0.17,0.012,-0.018,0,,,,,,,,,0,,,0,1.28,0.39,-0.39,0,271,,,0,,4299,132,-148,0,0.51,0.04,-0.05,0,0.51,0.04,-0.04,0,-0.96,0.3,-0.3,0,4.73,0.06,-0.04,0,588.867,15.687,-14.907,04-12-2014,18-11-2014
Kepler-436 b,64.001151,0.0008289,-0.0008289,0,0.2502,,,0,1.9,0.14,-0.2,0,0.17,0.012,-0.018,0,,,,,,,,,0,,,0,1.28,0.39,-0.39,0,271,,,0,,4299,132,-148,0,0.51,0.04,-0.05,0,0.51,0.04,-0.04,0,-0.96,0.3,-0.3,0,4.73,0.06,-0.04,0,588.867,15.687,-14.907,18-12-2014,21-11-2014
Kepler-436 b,64.001151,0.0008289,-0.0008289,0,0.2502,,,0,1.9,0.14,-0.2,0,0.17,0.012,-0.018,0,,,,,,,,,0,,,0,1.28,0.39,-0.39,0,271,,,0,,4299,132,-148,0,0.51,0.04,-0.05,0,0.51,0.04,-0.04,0,-0.96,0.3,-0.3,0,4.73,0.06,-0.04,0,588.867,15.687,-14.907,24-09-2015,25-08-2015
Kepler-1455 b,49.276764,0.0003737,-0.0003737,0,0.2153,,,0,1.97,0.25,-0.19,0,0.176,0.022,-0.017,0,,,,,,,,,0,,,0,1.3,0.5,-0.34,0,272,,,0,,3894,83,-101,0,0.54,0.07,-0.05,0,0.55,0.06,-0.06,0,-0.1,0.2,-0.1,0,4.71,0.06,-0.07,0,357.621,5.284,-5.284,04-12-2014,18-11-2014
Kepler-1455 b,49.276764,0.0003737,-0.0003737,0,0.2153,,,0,1.97,0.25,-0.19,0,0.176,0.022,-0.017,0,,,,,,,,,0,,,0,1.3,0.5,-0.34,0,272,,,0,,3894,83,-101,0,0.54,0.07,-0.05,0,0.55,0.06,-0.06,0,-0.1,0.2,-0.1,0,4.71,0.06,-0.07,0,357.621,5.284,-5.284,24-09-2015,25-08-2015
Kepler-1455 b,49.276764,0.0003737,-0.0003737,0,0.2153,,,0,1.97,0.25,-0.19,0,0.176,0.022,-0.017,0,,,,,,,,,0,,,0,1.3,0.5,-0.34,0,272,,,0,,3894,83,-101,0,0.54,0.07,-0.05,0,0.55,0.06,-0.06,0,-0.1,0.2,-0.1,0,4.71,0.06,-0.07,0,357.621,5.284,-5.284,18-12-2014,21-11-2014
LP 890-9 c,8.457463,0.000024,-0.000024,0,0.03984,0.00022,-0.00022,0,1.367,0.055,-0.039,0,0.122,0.005,-0.003,0,25.3,,,1,0.0796,,,1,,,,,0.91,0.03,-0.03,0,272,2,-2,0,M6 V,2850,75,-75,0,0.16,0.01,-0.01,0,0.12,0,0,0,-0.028,0.089,-0.089,0,5.13,0.05,-0.05,0,32.4298,0.0702,-0.0699,2022-09,14-09-2022
Kepler-235 e,46.1842039,0.0002654,-0.0002654,0,0.2005,,,0,1.83,0.12,-0.15,0,0.163,0.011,-0.013,0,,,,,,,,,0,,,0,1.32,0.29,-0.3,0,273,,,0,,3950,70,-86,0,0.49,0.03,-0.04,0,0.5,0.03,-0.04,0,-0.46,0.15,-0.15,0,4.75,0.04,-0.03,0,428.018,6.695,-6.495,31-08-2017 00:00,08-05-2017
Kepler-438 b,35.23318,0.0002329,-0.0002329,0,0.1648,,,0,0.98,0.14,-0.11,0,0.087,0.012,-0.01,0,,,,,,,,,0,,,0,1.31,0.56,-0.33,0,273,,,0,,3688,73,-50,0,0.46,0.07,-0.05,0,0.48,0.06,-0.05,0,-0.1,0.1,-0.1,0,4.79,0.06,-0.08,0,,,,24-09-2015,25-08-2015
Kepler-438 b,35.23318,0.0002329,-0.0002329,0,0.1648,,,0,0.98,0.14,-0.11,0,0.087,0.012,-0.01,0,,,,,,,,,0,,,0,1.31,0.56,-0.33,0,273,,,0,,3688,73,-50,0,0.46,0.07,-0.05,0,0.48,0.06,-0.05,0,-0.1,0.1,-0.1,0,4.79,0.06,-0.08,0,,,,04-12-2014,18-11-2014
Kepler-438 b,35.23318,0.0002329,-0.0002329,0,0.1648,,,0,0.98,0.14,-0.11,0,0.087,0.012,-0.01,0,,,,,,,,,0,,,0,1.31,0.56,-0.33,0,273,,,0,,3688,73,-50,0,0.46,0.07,-0.05,0,0.48,0.06,-0.05,0,-0.1,0.1,-0.1,0,4.79,0.06,-0.08,0,,,,18-12-2014,21-11-2014
TOI-700 e,27.80968976,0.00015414,-0.00015414,0,,,,,0.949,0.313,-0.313,0,0.085,0.028,-0.028,0,,,,,,,,,,,,,1.31,,,0,273,,,0,,3482,,,0,0.42,0.01,-0.01,0,,,,,,,,,4.44,,,0,31.1265,0.0206,-0.0206,2017-07,16-02-2024
Kepler-1512 b,20.35971899,0.00005479,-0.00005479,0,0.1025,,,0,0.8,0.12,-0.16,0,0.071,0.011,-0.014,0,,,,,,,,,0,,,0,1.38,0.58,-0.58,0,276,,,0,,3419,67,-76,0,0.34,0.05,-0.07,0,0.35,0.07,-0.08,0,0.04,0.15,-0.15,0,4.9,0.08,-0.05,0,,,,31-08-2017 00:00,08-05-2017
Kepler-1606 b,196.435224,0.003935,-0.003935,0,0.6375,,,0,1.98,0.72,-0.15,0,0.177,0.064,-0.013,0,,,,,,,,,0,,,0,1.38,1.48,-0.32,0,276,,,0,,5536,161,-140,0,0.82,0.29,-0.06,0,0.9,0.09,-0.09,0,-0.12,0.3,-0.26,0,4.57,0.03,-0.24,0,831.287,18.466,-17.694,24-09-2015,25-08-2015
Kepler-1606 b,196.435224,0.003935,-0.003935,0,0.6375,,,0,1.98,0.72,-0.15,0,0.177,0.064,-0.013,0,,,,,,,,,0,,,0,1.38,1.48,-0.32,0,276,,,0,,5536,161,-140,0,0.82,0.29,-0.06,0,0.9,0.09,-0.09,0,-0.12,0.3,-0.26,0,4.57,0.03,-0.24,0,831.287,18.466,-17.694,04-12-2014,18-11-2014
Kepler-1606 b,196.435224,0.003935,-0.003935,0,0.6375,,,0,1.98,0.72,-0.15,0,0.177,0.064,-0.013,0,,,,,,,,,0,,,0,1.38,1.48,-0.32,0,276,,,0,,5536,161,-140,0,0.82,0.29,-0.06,0,0.9,0.09,-0.09,0,-0.12,0.3,-0.26,0,4.57,0.03,-0.24,0,831.287,18.466,-17.694,18-12-2014,21-11-2014
Kepler-1701 b,169.133455,0.001402,-0.001402,0,0.5689,,,0,1.99,0.62,-0.15,0,0.178,0.055,-0.013,0,,,,,,,,,0,,,0,1.41,1.32,-0.33,0,278,,,0,,5380,168,-146,0,0.78,0.24,-0.06,0,0.86,0.08,-0.09,0,-0.14,0.34,-0.26,0,4.59,0.03,-0.19,0,584.142,6.7525,-6.7525,24-09-2015,25-08-2015
Kepler-1701 b,169.133455,0.001402,-0.001402,0,0.5689,,,0,1.99,0.62,-0.15,0,0.178,0.055,-0.013,0,,,,,,,,,0,,,0,1.41,1.32,-0.33,0,278,,,0,,5380,168,-146,0,0.78,0.24,-0.06,0,0.86,0.08,-0.09,0,-0.14,0.34,-0.26,0,4.59,0.03,-0.19,0,584.142,6.7525,-6.7525,04-12-2014,18-11-2014
Kepler-1701 b,169.133455,0.001402,-0.001402,0,0.5689,,,0,1.99,0.62,-0.15,0,0.178,0.055,-0.013,0,,,,,,,,,0,,,0,1.41,1.32,-0.33,0,278,,,0,,5380,168,-146,0,0.78,0.24,-0.06,0,0.86,0.08,-0.09,0,-0.14,0.34,-0.26,0,4.59,0.03,-0.19,0,584.142,6.7525,-6.7525,18-12-2014,21-11-2014
Kepler-1638 b,259.33683,0.01303,-0.01303,0,0.7307,,,0,1.7,0.76,-0.21,0,0.152,0.068,-0.019,0,,,,,,,,,0,,,0,1.47,2.03,-0.44,0,281,,,0,,5906,183,-147,0,0.85,0.38,-0.1,0,0.77,0.1,-0.04,0,-0.76,0.32,-0.26,0,4.47,0.1,-0.29,0,1525.52,50.91,-47.78,24-09-2015,25-08-2015
Kepler-1638 b,259.33683,0.01303,-0.01303,0,0.7307,,,0,1.7,0.76,-0.21,0,0.152,0.068,-0.019,0,,,,,,,,,0,,,0,1.47,2.03,-0.44,0,281,,,0,,5906,183,-147,0,0.85,0.38,-0.1,0,0.77,0.1,-0.04,0,-0.76,0.32,-0.26,0,4.47,0.1,-0.29,0,1525.52,50.91,-47.78,18-12-2014,21-11-2014
Kepler-69 c,242.4677,0.0068,-0.0068,0,0.762,,,0,1.74,0.47,-0.47,0,0.155,0.042,-0.042,0,,,,,,,,,0,,,0,,,,0,281,,,0,,5886,69,-69,0,0.9,0.24,-0.24,0,1,0.04,-0.04,0,,,,0,4.54,0.3,-0.3,0,730.625,7.6555,-7.6555,08-01-2014,28-10-2013
K2-3 d,44.55983,0.0059,-0.0059,0,0.2076,0.0104,-0.0104,0,1.51,0.23,-0.23,0,0.135,0.021,-0.021,0,,,,,,,,,,,,,1.5,0.5,-0.5,0,282,24,-24,0,M0 V,3896,189,-189,0,0.56,0.07,-0.07,0,0.6,0.09,-0.09,0,-0.32,0.13,-0.13,0,4.72,0.13,-0.13,0,44.0727,0.10815,-0.10815,2016-08,07-07-2016
K2-9 b,18.44883,0.00137,-0.00137,0,0.0848,0.005,-0.005,0,1.6,0.42,-0.42,0,0.143,0.037,-0.037,0,,,,,,,,,,,,,,,,,284,14,-14,0,,3468,20,-19,0,0.25,0.04,-0.03,0,0.24,0.05,-0.03,0,-0.46,0.12,-0.1,0,,,,,82.9631,0.3747,-0.3714,2015-08,16-07-2015
TOI-2285 b,27.26955,0.00013,-0.0001,0,0.1363,0.001,-0.001,0,1.74,0.08,-0.08,0,0.155,0.007,-0.007,0,19.5,,,1,0.06135,,,1,0.3,0.1,-0.09,0,1.54,0.14,-0.14,0,284,6,-6,0,,3491,58,-58,0,0.46,0.01,-0.01,0,0.45,0.01,-0.01,0,-0.05,0.12,-0.12,0,,,,,42.409,0.047,-0.047,2022-02,25-10-2021
Kepler-155 c,52.66156,0.000111,-0.000111,0,0.2254,0.0092,-0.0139,0,1.97,0.19,-0.48,0,0.176,0.017,-0.043,0,,,,,,,,,,,,,1.03,0.47,-0.61,0,286,46,-41,0,,4057,251,-64,0,0.53,0.04,-0.14,0,0.54,0.05,-0.12,0,-0.33,0.11,-0.11,0,4.72,0.15,-0.03,0,293.499,2.279,-2.279,2017-12,17-11-2017
Kepler-69 c,242.46712,0.003115,-0.003115,0,0.7106,,,0,1.74,0.34,-0.2,0,0.155,0.03,-0.018,0,,,,,,,,,0,,,0,1.59,0.88,-0.42,0,286,,,0,,5637,116,-92,0,0.94,0.19,-0.11,0,0.81,0.07,-0.03,0,-0.3,0.18,-0.12,0,4.4,0.11,-0.13,0,730.625,7.6555,-7.6555,18-12-2014,21-11-2014
Kepler-69 c,242.46712,0.003115,-0.003115,0,0.7106,,,0,1.74,0.34,-0.2,0,0.155,0.03,-0.018,0,,,,,,,,,0,,,0,1.59,0.88,-0.42,0,286,,,0,,5637,116,-92,0,0.94,0.19,-0.11,0,0.81,0.07,-0.03,0,-0.3,0.18,-0.12,0,4.4,0.11,-0.13,0,730.625,7.6555,-7.6555,04-12-2014,18-11-2014
Kepler-69 c,242.46712,0.003115,-0.003115,0,0.7106,,,0,1.74,0.34,-0.2,0,0.155,0.03,-0.018,0,,,,,,,,,0,,,0,1.59,0.88,-0.42,0,286,,,0,,5637,116,-92,0,0.94,0.19,-0.11,0,0.81,0.07,-0.03,0,-0.3,0.18,-0.12,0,4.4,0.11,-0.13,0,730.625,7.6555,-7.6555,24-09-2015,25-08-2015
Kepler-69 c,242.467406,0.0026,-0.0026,0,0.7106,,,0,1.73,0.21,-0.22,0,0.154,0.019,-0.02,0,,,,,,,,,0,,,0,1.59,0.59,-0.45,0,286,,,0,,5637,113,-101,0,0.94,0.12,-0.12,0,0.81,0.07,-0.04,0,-0.3,0.15,-0.15,0,4.4,0.13,-0.09,0,730.625,7.6555,-7.6555,31-08-2017 00:00,08-05-2017
TOI-2285 b,27.26720158,0.0002043,-0.0002043,0,,,,,1.578,2.747,-2.747,0,0.141,0.245,-0.245,0,,,,,,,,,,,,,1.61,,,0,287,,,0,,3546,157,-157,0,0.46,0.01,-0.01,0,,,,,,,,,4.77,0.01,-0.01,0,42.409,0.047,-0.047,2017-07,30-09-2024
Kepler-1652 b,38.09824,0.00089,-0.00089,0,0.178,,,0,1.39,0.65,-0.65,0,0.124,0.058,-0.058,0,,,,,,,,,0,,,0,,,,0,288,,,0,,3885,200,-200,0,0.5,0.02,-0.02,0,0.52,0.03,-0.03,0,,,,0,4.75,0.3,-0.3,0,,,,08-01-2014,28-10-2013
Kepler-438 b,35.2330694,0.0002705,-0.0002705,0,0.1729,,,0,0.97,0.06,-0.07,0,0.087,0.005,-0.006,0,,,,,,,,,0,,,0,1.62,0.37,-0.34,0,288,,,0,,3749,75,-84,0,0.52,0.03,-0.04,0,0.55,0.03,-0.04,0,0.16,0.15,-0.15,0,4.74,0.03,-0.03,0,,,,31-08-2017 00:00,08-05-2017
TRAPPIST-1 d,4.04961,0.000063,-0.000063,0,0.02144,0.00066,-0.00063,0,0.772,0.03,-0.03,0,0.069,0.003,-0.003,0,0.41,0.27,-0.27,0,0.00129,0.00085,-0.00085,0,0.07,,,1,1.14,0.09,-0.09,0,288,6,-6,0,,2559,50,-50,0,0.12,0,0,0,0.08,0.01,-0.01,0,0.04,0.08,-0.08,0,,,,,,,,2017-02,22-02-2017
Kepler-296 d,19.85037041,0.00038,-0.00038,0,0.10386,0.00529,-0.00529,0,1.45,0.23,-0.23,0,0.129,0.021,-0.021,0,,,,,,,,,,,,,,,,,292,,,0,M2 V,3517,70,-57,0,0.37,0.06,-0.06,0,0.38,0.06,-0.06,0,-0.07,0.11,-0.11,0,,,,,,,,2012-05,25-02-2016
Kepler-395 c,34.9897847,0.0003803,-0.0003803,0,0.1691,,,0,1.14,0.07,-0.1,0,0.102,0.006,-0.009,0,,,,,,,,,0,,,0,1.71,0.35,-0.42,0,292,,,0,,3765,75,-83,0,0.52,0.03,-0.05,0,0.53,0.04,-0.04,0,0.02,0.15,-0.15,0,4.72,0.05,-0.02,0,421.382,8.0905,-8.0905,31-08-2017 00:00,08-05-2017
Kepler-296 d,19.85028393,0.00005851,-0.00005851,0,0.104,,,0,1.65,0.26,-0.27,0,0.147,0.023,-0.024,0,,,,,,,,,0,,,0,1.73,0.8,-0.59,0,293,,,0,,3517,70,-57,0,0.37,0.06,-0.06,0,0.38,0.06,-0.06,0,-0.07,0.11,-0.11,0,4.88,0.1,-0.1,0,,,,04-12-2014,18-11-2014
Kepler-296 d,19.85028393,0.00005851,-0.00005851,0,0.104,,,0,1.65,0.26,-0.27,0,0.147,0.023,-0.024,0,,,,,,,,,0,,,0,1.73,0.8,-0.59,0,293,,,0,,3517,70,-57,0,0.37,0.06,-0.06,0,0.38,0.06,-0.06,0,-0.07,0.11,-0.11,0,4.88,0.1,-0.1,0,,,,18-12-2014,21-11-2014
Kepler-296 d,19.85028393,0.00005851,-0.00005851,0,0.104,,,0,1.65,0.26,-0.27,0,0.147,0.023,-0.024,0,,,,,,,,,0,,,0,1.73,0.8,-0.59,0,293,,,0,,3517,70,-57,0,0.37,0.06,-0.06,0,0.38,0.06,-0.06,0,-0.07,0.11,-0.11,0,4.88,0.1,-0.1,0,,,,24-09-2015,25-08-2015
Kepler-437 b,66.6505482,0.0003933,-0.0003933,0,0.2737,,,0,1.37,0.12,-0.13,0,0.122,0.011,-0.012,0,,,,,,,,,0,,,0,1.78,0.59,-0.49,0,294,,,0,,4427,133,-129,0,0.62,0.06,-0.06,0,0.61,0.07,-0.05,0,-0.32,0.34,-0.32,0,4.64,0.06,-0.03,0,,,,18-12-2014,21-11-2014
Kepler-437 b,66.6505482,0.0003933,-0.0003933,0,0.2737,,,0,1.37,0.12,-0.13,0,0.122,0.011,-0.012,0,,,,,,,,,0,,,0,1.78,0.59,-0.49,0,294,,,0,,4427,133,-129,0,0.62,0.06,-0.06,0,0.61,0.07,-0.05,0,-0.32,0.34,-0.32,0,4.64,0.06,-0.03,0,,,,24-09-2015,25-08-2015
Kepler-437 b,66.6505482,0.0003933,-0.0003933,0,0.2737,,,0,1.37,0.12,-0.13,0,0.122,0.011,-0.012,0,,,,,,,,,0,,,0,1.78,0.59,-0.49,0,294,,,0,,4427,133,-129,0,0.62,0.06,-0.06,0,0.61,0.07,-0.05,0,-0.32,0.34,-0.32,0,4.64,0.06,-0.03,0,,,,04-12-2014,18-11-2014
Kepler-737 b,28.59915399,0.00005673,-0.00005673,0,0.1443,,,0,1.88,0.25,-0.24,0,0.168,0.022,-0.021,0,,,,,,,,,0,,,0,1.8,0.64,-0.55,0,295,,,0,,3750,56,-75,0,0.46,0.06,-0.06,0,0.49,0.06,-0.06,0,-0.18,0.11,-0.11,0,4.8,0.08,-0.08,0,205.118,1.1585,-1.1585,04-12-2014,18-11-2014
Kepler-737 b,28.59915399,0.00005673,-0.00005673,0,0.1443,,,0,1.88,0.25,-0.24,0,0.168,0.022,-0.021,0,,,,,,,,,0,,,0,1.8,0.64,-0.55,0,295,,,0,,3750,56,-75,0,0.46,0.06,-0.06,0,0.49,0.06,-0.06,0,-0.18,0.11,-0.11,0,4.8,0.08,-0.08,0,205.118,1.1585,-1.1585,18-12-2014,21-11-2014
Kepler-737 b,28.59915399,0.00005673,-0.00005673,0,0.1443,,,0,1.88,0.25,-0.24,0,0.168,0.022,-0.021,0,,,,,,,,,0,,,0,1.8,0.64,-0.55,0,295,,,0,,3750,56,-75,0,0.46,0.06,-0.06,0,0.49,0.06,-0.06,0,-0.18,0.11,-0.11,0,4.8,0.08,-0.08,0,205.118,1.1585,-1.1585,24-09-2015,25-08-2015
K2-133 e,26.5841,0.0018,-0.0017,0,0.1346,0.0011,-0.0011,0,1.73,0.14,-0.13,0,0.154,0.012,-0.012,0,,,,,,,,,,,,,1.8,0.25,-0.23,0,296,10,-10,0,M1.5 V,3655,80,-80,0,0.46,0.02,-0.02,0,0.46,0.01,-0.01,0,,,,,,,,,75.1703,0.2012,-0.2012,2019-08,23-05-2019
TOI-6002 b,10.90483925,0.00004883,-0.00004883,0,,,,,1.549,0.952,-0.952,0,0.138,0.085,-0.085,0,,,,,,,,,,,,,1.82,,,0,296,,,0,,3272,157,-157,0,0.24,0.01,-0.01,0,,,,,,,,,5,0.02,-0.02,0,32.0266,0.0448,-0.0447,2017-07,07-04-2024
Kepler-1040 b,201.1214,0.001945,-0.001945,0,0.6291,,,0,1.84,0.81,-0.2,0,0.164,0.072,-0.018,0,,,,,,,,,0,,,0,1.83,2.51,-0.53,0,297,,,0,,5804,192,-167,0,0.84,0.37,-0.09,0,0.82,0.12,-0.06,0,-0.5,0.32,-0.26,0,4.5,0.07,-0.28,0,482.119,3.267,-3.223,18-12-2014,21-11-2014
Kepler-1040 b,201.1214,0.001945,-0.001945,0,0.6291,,,0,1.84,0.81,-0.2,0,0.164,0.072,-0.018,0,,,,,,,,,0,,,0,1.83,2.51,-0.53,0,297,,,0,,5804,192,-167,0,0.84,0.37,-0.09,0,0.82,0.12,-0.06,0,-0.5,0.32,-0.26,0,4.5,0.07,-0.28,0,482.119,3.267,-3.223,24-09-2015,25-08-2015
Kepler-1040 b,201.1214,0.001945,-0.001945,0,0.6291,,,0,1.84,0.81,-0.2,0,0.164,0.072,-0.018,0,,,,,,,,,0,,,0,1.83,2.51,-0.53,0,297,,,0,,5804,192,-167,0,0.84,0.37,-0.09,0,0.82,0.12,-0.06,0,-0.5,0.32,-0.26,0,4.5,0.07,-0.28,0,482.119,3.267,-3.223,04-12-2014,18-11-2014
Kepler-296 d,19.85029495,0.00005525,-0.00005525,0,0.1052,,,0,1.52,0.19,-0.23,0,0.136,0.017,-0.021,0,,,,,,,,,0,,,0,1.83,0.68,-0.62,0,297,,,0,,3526,71,-78,0,0.38,0.05,-0.06,0,0.39,0.06,-0.07,0,-0.08,0.15,-0.15,0,4.87,0.07,-0.04,0,,,,31-08-2017 00:00,08-05-2017
Kepler-296 e,34.14247,0.00044,-0.00044,0,0.165,,,0,1.4,0.42,-0.42,0,0.125,0.037,-0.037,0,,,,,,,,,0,,,0,,,,0,297,,,0,,3862,200,-200,0,0.5,0.02,-0.02,0,0.52,0.03,-0.03,0,,,,0,4.75,0.3,-0.3,0,,,,08-01-2014,28-10-2013
TOI-2095 c,28.17232,0.00014,-0.00014,0,0.137,0.006,-0.006,0,1.33,0.08,-0.08,0,0.119,0.007,-0.007,0,7.4,,,1,0.02328,,,1,0,,,0,1.84,0.17,-0.17,0,297,8,-8,0,M2.5 V,3759,87,-87,0,0.44,0.02,-0.02,0,0.44,0.02,-0.02,0,-0.24,0.04,-0.04,0,5.11,0.12,-0.12,0,41.9176,0.05,-0.05,2023-04,22-08-2023
Kepler-1455 b,49.27668,0.00068,-0.00068,0,0.2149,0.0055,-0.0054,0,1.93,0.19,-0.2,0,0.172,0.017,-0.018,0,,,,,,,,,,,,,1.16,0.29,-0.31,0,298,28,-28,0,,3950,113,-113,0,0.52,0.04,-0.05,0,0.54,0.04,-0.05,0,-0.21,0.11,-0.11,0,4.74,0.04,-0.03,0,357.621,5.284,-5.284,2017-12,17-11-2017
Kepler-560 b,18.477644,0.0000111,-0.0000111,0,0.0899,0.0031,-0.0062,0,1.47,0.16,-0.22,0,0.131,0.014,-0.02,0,,,,,,,,,,,,,1.18,0.22,-0.28,0,298,22,-32,0,,3430,48,-48,0,0.27,0.04,-0.03,0,0.27,0.05,-0.04,0,-0.25,0.06,-0.06,0,5,0.04,-0.05,0,109.308,0.413,-0.41,2017-12,17-11-2017
Kepler-737 b,28.59914031,0.00005489,-0.00005489,0,0.1422,,,0,1.83,0.16,-0.21,0,0.163,0.014,-0.019,0,,,,,,,,,0,,,0,1.87,0.52,-0.53,0,298,,,0,,3755,75,-84,0,0.46,0.04,-0.05,0,0.47,0.04,-0.05,0,-0.26,0.15,-0.15,0,4.78,0.06,-0.03,0,205.118,1.1585,-1.1585,31-08-2017 00:00,08-05-2017
Kepler-69 c,242.4613,0.0059,-0.0064,0,0.64,0.15,-0.11,0,1.71,0.34,-0.23,0,0.153,0.03,-0.021,0,,,,,,,,,0.14,0.18,-0.1,0,,,,,299,19,-20,0,G4 V,5638,168,-168,0,0.93,0.18,-0.12,0,0.81,0.09,-0.08,0,-0.29,0.15,-0.15,0,4.4,0.15,-0.15,0,730.625,7.6555,-7.6555,2013-05,14-05-2014
Gliese 12 b,12.76147058,0.00004961,-0.00004961,0,,,,,0.971,3.715,-3.715,0,0.087,0.331,-0.331,0,,,,,,,,,,,,,1.9,,,0,300,,,0,,3376,157,-157,0,0.27,0.01,-0.01,0,,,,,,,,,4.96,0.01,-0.01,0,12.21,0.01305,-0.01305,2017-07,30-09-2024
K2-3 d,44.55765,0.00043,-0.00043,0,,,,,1.61,0.2,-0.2,0,0.144,0.018,-0.018,0,,,,,,,,,,,,,1.5,0.5,-0.5,0,300,,,0,M0 V,,,,,0.56,0.07,-0.07,0,,,,,,,,,,,,,44.0727,0.10815,-0.10815,2016-05,24-03-2016
Kepler-52 d,36.4451982,0.0001284,-0.0001284,0,0.1774,,,0,1.8,0.23,-0.23,0,0.161,0.021,-0.021,0,,,,,,,,,0,,,0,1.91,1.01,-0.57,0,300,,,0,,3898,177,-77,0,0.54,0.07,-0.07,0,0.56,0.07,-0.07,0,-0.09,0.12,-0.12,0,4.72,0.08,-0.08,0,321.542,2.42,-2.383,18-12-2014,21-11-2014
Kepler-52 d,36.4451982,0.0001284,-0.0001284,0,0.1774,,,0,1.8,0.23,-0.23,0,0.161,0.021,-0.021,0,,,,,,,,,0,,,0,1.91,1.01,-0.57,0,300,,,0,,3898,177,-77,0,0.54,0.07,-0.07,0,0.56,0.07,-0.07,0,-0.09,0.12,-0.12,0,4.72,0.08,-0.08,0,321.542,2.42,-2.383,04-12-2014,18-11-2014
Kepler-52 d,36.4451982,0.0001284,-0.0001284,0,0.1774,,,0,1.8,0.23,-0.23,0,0.161,0.021,-0.021,0,,,,,,,,,0,,,0,1.91,1.01,-0.57,0,300,,,0,,3898,177,-77,0,0.54,0.07,-0.07,0,0.56,0.07,-0.07,0,-0.09,0.12,-0.12,0,4.72,0.08,-0.08,0,321.542,2.42,-2.383,24-09-2015,25-08-2015
Kepler-267 d,28.46464804,0.00008805,-0.00008805,0,0.1415,,,0,1.87,0.14,-0.22,0,0.167,0.012,-0.02,0,,,,,,,,,0,,,0,1.95,0.49,-0.55,0,301,,,0,,3789,75,-82,0,0.46,0.04,-0.05,0,0.47,0.04,-0.05,0,-0.34,0.15,-0.15,0,4.78,0.06,-0.03,0,264.993,2.4925,-2.4925,31-08-2017 00:00,08-05-2017
TOI-2095 c,28.17225007,0.00008853,-0.00008853,0,,,,,1.448,0.519,-0.519,0,0.129,0.046,-0.046,0,,,,,,,,,,,,,1.93,,,0,301,,,0,,3746,157,-157,0,0.46,0.01,-0.01,0,,,,,,,,,4.77,0.01,-0.01,0,41.9176,0.05,-0.05,2017-07,30-09-2024
Kepler-1389 b,99.25095,0.00092,-0.00092,0,0.387,,,0,1.64,0.93,-0.93,0,0.146,0.083,-0.083,0,,,,,,,,,0,,,0,,,,0,302,,,0,,5083,85,-85,0,0.7,0.28,-0.28,0,0.78,0.05,-0.05,0,,,,0,4.64,0.3,-0.3,0,497.093,4.7,-4.7,08-01-2014,28-10-2013
Kepler-235 e,46.18288,0.00091,-0.00091,0,0.21,,,0,2,0.39,-0.39,0,0.178,0.035,-0.035,0,,,,,,,,,0,,,0,,,,0,303,,,0,,4243,82,-82,0,0.55,0.01,-0.01,0,0.58,0.02,-0.02,0,,,,0,4.72,0.3,-0.3,0,428.018,6.695,-6.495,08-01-2014,28-10-2013
Kepler-1638 b,259.365,0.014,-0.014,0,0.745,0.021,-0.02,0,1.6,0.32,-0.19,0,0.143,0.029,-0.017,0,,,,,,,,,,,,,1.17,0.58,-0.28,0,304,39,-31,0,,5906,183,-147,0,0.83,0.19,-0.07,0,0.82,0.09,-0.05,0,-0.76,0.32,-0.26,0,4.53,0.05,-0.17,0,1525.52,50.91,-47.78,2017-12,17-11-2017
TOI-1452 b,11.06199374,0.00001527,-0.00001527,0,,,,,1.618,0.225,-0.225,0,0.144,0.02,-0.02,0,,,,,,,,,,,,,2.02,,,0,304,,,0,,3248,157,-157,0,0.28,0.01,-0.01,0,,,,,,,,,4.95,0.01,-0.01,0,30.5212,0.0392,-0.039,2017-07,27-06-2023
K2-3 d,44.55603,0.00013,-0.00012,0,0.2014,0.0034,-0.0033,0,1.458,0.056,-0.051,0,0.13,0.005,-0.005,0,2.2,,,1,0.00692,,,1,0.091,0.12,-0.064,0,1.44,0.14,-0.14,0,305,3,-3,0,M V,3844,61,-63,0,0.55,0.02,-0.02,0,0.55,0.03,-0.03,0,-0.157,0.075,-0.08,0,4.7,0.02,-0.03,0,44.0727,0.10815,-0.10815,2022-11,10-07-2023
Kepler-1126 c,199.66876,0.003961,-0.003961,0,0.6193,,,0,1.45,0.18,-0.18,0,0.129,0.016,-0.016,0,,,,,,,,,0,,,0,2.06,0.76,-0.59,0,305,,,0,,5678,113,-102,0,0.92,0.12,-0.12,0,0.79,0.07,-0.03,0,-0.4,0.15,-0.15,0,4.41,0.13,-0.09,0,635.736,6.781,-6.781,31-08-2017 00:00,08-05-2017
Kepler-1126 c,199.664537,0.002935,-0.002935,0,0.6541,,,0,1.54,0.66,-0.11,0,0.137,0.059,-0.01,0,,,,,,,,,0,,,0,2.07,2.6,-0.47,0,306,,,0,,6106,152,-174,0,0.84,0.36,-0.06,0,0.94,0.1,-0.11,0,-0.5,0.3,-0.28,0,4.56,0.03,-0.31,0,635.736,6.781,-6.781,04-12-2014,18-11-2014
Kepler-1126 c,199.664537,0.002935,-0.002935,0,0.6541,,,0,1.54,0.66,-0.11,0,0.137,0.059,-0.01,0,,,,,,,,,0,,,0,2.07,2.6,-0.47,0,306,,,0,,6106,152,-174,0,0.84,0.36,-0.06,0,0.94,0.1,-0.11,0,-0.5,0.3,-0.28,0,4.56,0.03,-0.31,0,635.736,6.781,-6.781,18-12-2014,21-11-2014
Kepler-1126 c,199.664537,0.002935,-0.002935,0,0.6541,,,0,1.54,0.66,-0.11,0,0.137,0.059,-0.01,0,,,,,,,,,0,,,0,2.07,2.6,-0.47,0,306,,,0,,6106,152,-174,0,0.84,0.36,-0.06,0,0.94,0.1,-0.11,0,-0.5,0.3,-0.28,0,4.56,0.03,-0.31,0,635.736,6.781,-6.781,24-09-2015,25-08-2015
Kepler-1649 b,8.689099,0.000025,-0.000025,0,,,,,1.017,0.051,-0.051,0,0.091,0.005,-0.005,0,,,,,,,,,,,,,2.21,0.09,-0.09,0,307,26,-26,0,,3240,61,-61,0,0.23,0,0,0,0.2,0.01,-0.01,0,-0.15,0.11,-0.11,0,5,0.02,-0.02,0,92.1913,0.5489,-0.5425,2020-04,23-04-2020
Kepler-1450 b,54.5091549,0.0005671,-0.0005671,0,0.2401,,,0,1.94,0.18,-0.16,0,0.173,0.016,-0.014,0,,,,,,,,,0,,,0,2.13,0.69,-0.54,0,308,,,0,,4406,118,-131,0,0.6,0.06,-0.05,0,0.62,0.07,-0.05,0,-0.34,0.3,-0.3,0,4.67,0.04,-0.04,0,505.829,7.4105,-7.4105,31-08-2017 00:00,08-05-2017
Kepler-437 b,66.6504521,0.0003951,-0.0003951,0,0.2875,,,0,1.56,0.07,-0.07,0,0.139,0.006,-0.006,0,,,,,,,,,0,,,0,2.14,0.38,-0.3,0,308,,,0,,4550,81,-81,0,0.68,0.03,-0.03,0,0.71,0.03,-0.04,0,0,0.15,-0.15,0,4.63,0.02,-0.03,0,,,,31-08-2017 00:00,08-05-2017
Kepler-1450 b,54.5094166,0.000527,-0.000527,0,0.2392,,,0,1.55,0.15,-0.15,0,0.138,0.013,-0.013,0,,,,,,,,,0,,,0,2.19,0.76,-0.6,0,310,,,0,,4405,131,-132,0,0.61,0.06,-0.06,0,0.61,0.06,-0.05,0,-0.34,0.32,-0.32,0,4.66,0.05,-0.04,0,505.829,7.4105,-7.4105,04-12-2014,18-11-2014
Kepler-1450 b,54.5094166,0.000527,-0.000527,0,0.2392,,,0,1.55,0.15,-0.15,0,0.138,0.013,-0.013,0,,,,,,,,,0,,,0,2.19,0.76,-0.6,0,310,,,0,,4405,131,-132,0,0.61,0.06,-0.06,0,0.61,0.06,-0.05,0,-0.34,0.32,-0.32,0,4.66,0.05,-0.04,0,505.829,7.4105,-7.4105,18-12-2014,21-11-2014
Kepler-1450 b,54.5094166,0.000527,-0.000527,0,0.2392,,,0,1.55,0.15,-0.15,0,0.138,0.013,-0.013,0,,,,,,,,,0,,,0,2.19,0.76,-0.6,0,310,,,0,,4405,131,-132,0,0.61,0.06,-0.06,0,0.61,0.06,-0.05,0,-0.34,0.32,-0.32,0,4.66,0.05,-0.04,0,505.829,7.4105,-7.4105,24-09-2015,25-08-2015
Kepler-1816 b,91.500873,0.0005231,-0.0005231,0,0.3648,,,0,1.82,0.13,-0.07,0,0.162,0.012,-0.006,0,,,,,,,,,0,,,0,2.18,0.53,-0.32,0,310,,,0,,5051,111,-90,0,0.71,0.05,-0.03,0,0.79,0.03,-0.06,0,-0.24,0.15,-0.15,0,4.63,0.02,-0.05,0,437.823,3.599,-3.599,31-08-2017 00:00,08-05-2017
Kepler-1858 b,88.0708,0.0029,-0.0029,0,0.358,,,0,1.99,0.11,-0.11,0,0.178,0.01,-0.01,0,,,,,,,,,0,,,0,,,,0,310,,,0,,5070,73,-73,0,0.69,0.03,-0.03,0,0.79,0.02,-0.02,0,,,,0,4.66,0.3,-0.3,0,833.055,24.544,-24.544,08-01-2014,28-10-2013
K2-3 d,44.556456,0.000097,-0.000097,0,0.2097,0.007,-0.007,0,1.62,0.18,-0.18,0,0.145,0.016,-0.016,0,1.6,,,1,0.00503,,,1,0.097,,,1,1.6,0.38,-0.33,0,312,17,-17,0,,3835,70,-70,0,0.6,0.06,-0.06,0,0.62,0.06,-0.06,0,-0.01,0.09,-0.09,0,,,,,44.0727,0.10815,-0.10815,2023-04,17-04-2023
Kepler-1816 b,91.5021,0.0026,-0.0026,0,0.369,,,0,1.85,0.77,-0.77,0,0.165,0.069,-0.069,0,,,,,,,,,0,,,0,,,,0,312,,,0,,5126,66,-66,0,0.7,0.03,-0.03,0,0.8,0.02,-0.02,0,,,,0,4.65,0.3,-0.3,0,437.823,3.599,-3.599,08-01-2014,28-10-2013
Kepler-395 c,34.98804,0.00095,-0.00095,0,0.171,,,0,1.28,0.34,-0.34,0,0.114,0.03,-0.03,0,,,,,,,,,0,,,0,,,,0,312,,,0,,4050,200,-200,0,0.52,0.03,-0.03,0,0.55,0.04,-0.04,0,,,,0,4.74,0.3,-0.3,0,421.382,8.0905,-8.0905,08-01-2014,28-10-2013
Kepler-577 b,25.69581456,0.00005824,-0.00005824,0,0.1348,,,0,1.7,0.21,-0.33,0,0.152,0.019,-0.029,0,,,,,,,,,0,,,0,2.3,1.17,-1.1,0,314,,,0,,3787,163,-204,0,0.48,0.06,-0.09,0,0.5,0.06,-0.09,0,-0.22,0.2,-0.15,0,4.78,0.1,-0.06,0,524.247,7.561,-7.352,31-08-2017 00:00,08-05-2017
Gliese 12 b,12.76142,0.00007,-0.00007,0,0.067,0.0005,-0.0006,0,0.9,0.1,-0.09,0,0.08,0.009,-0.008,0,10,,,1,0.03146,,,1,,,,,1.6,0.2,-0.2,0,315,7,-8,0,M4 V,3253,55,-55,0,0.27,0.01,-0.01,0,0.24,0.01,-0.01,0,-0.29,0.09,-0.09,0,4.96,0.03,-0.03,0,12.21,0.01305,-0.01305,2024-06,21-05-2024
Gliese 12 b,12.761408,0.00005,-0.00005,0,0.0668,0.0024,-0.0024,0,0.958,0.046,-0.048,0,0.085,0.004,-0.004,0,3.87,,,1,0.01218,,,1,0.5,,,1,1.62,0.13,-0.11,0,315,6,-5,0,M3.0 V,3296,48,-36,0,0.26,0.01,-0.01,0,0.24,0.01,-0.01,0,-0.32,0.06,-0.06,0,5.21,0.07,-0.07,0,12.21,0.01305,-0.01305,2024-06,21-05-2024
Kepler-1816 b,91.5009237,0.0005289,-0.0005289,0,0.3671,,,0,1.85,0.29,-0.14,0,0.165,0.026,-0.012,0,,,,,,,,,0,,,0,2.34,1.18,-0.53,0,315,,,0,,5120,154,-133,0,0.72,0.11,-0.05,0,0.8,0.07,-0.09,0,-0.24,0.34,-0.28,0,4.62,0.03,-0.1,0,437.823,3.599,-3.599,04-12-2014,18-11-2014
Kepler-1816 b,91.5009237,0.0005289,-0.0005289,0,0.3671,,,0,1.85,0.29,-0.14,0,0.165,0.026,-0.012,0,,,,,,,,,0,,,0,2.34,1.18,-0.53,0,315,,,0,,5120,154,-133,0,0.72,0.11,-0.05,0,0.8,0.07,-0.09,0,-0.24,0.34,-0.28,0,4.62,0.03,-0.1,0,437.823,3.599,-3.599,18-12-2014,21-11-2014
Kepler-1816 b,91.5009237,0.0005289,-0.0005289,0,0.3671,,,0,1.85,0.29,-0.14,0,0.165,0.026,-0.012,0,,,,,,,,,0,,,0,2.34,1.18,-0.53,0,315,,,0,,5120,154,-133,0,0.72,0.11,-0.05,0,0.8,0.07,-0.09,0,-0.24,0.34,-0.28,0,4.62,0.03,-0.1,0,437.823,3.599,-3.599,24-09-2015,25-08-2015
Kepler-577 b,25.69578251,0.0000632,-0.0000632,0,0.1353,,,0,1.68,0.35,-0.35,0,0.15,0.031,-0.031,0,,,,,,,,,0,,,0,2.32,1.92,-1.09,0,315,,,0,,3789,219,-159,0,0.48,0.1,-0.1,0,0.5,0.1,-0.1,0,-0.21,0.16,-0.16,0,4.77,0.12,-0.12,0,524.247,7.561,-7.352,24-09-2015,25-08-2015
Kepler-577 b,25.69578251,0.0000632,-0.0000632,0,0.1353,,,0,1.68,0.35,-0.35,0,0.15,0.031,-0.031,0,,,,,,,,,0,,,0,2.32,1.92,-1.09,0,315,,,0,,3789,219,-159,0,0.48,0.1,-0.1,0,0.5,0.1,-0.1,0,-0.21,0.16,-0.16,0,4.77,0.12,-0.12,0,524.247,7.561,-7.352,04-12-2014,18-11-2014
Kepler-577 b,25.69578251,0.0000632,-0.0000632,0,0.1353,,,0,1.68,0.35,-0.35,0,0.15,0.031,-0.031,0,,,,,,,,,0,,,0,2.32,1.92,-1.09,0,315,,,0,,3789,219,-159,0,0.48,0.1,-0.1,0,0.5,0.1,-0.1,0,-0.21,0.16,-0.16,0,4.77,0.12,-0.12,0,524.247,7.561,-7.352,18-12-2014,21-11-2014
Kepler-1389 b,99.2530951,0.0008711,-0.0008711,0,0.3825,,,0,1.77,0.36,-0.16,0,0.158,0.032,-0.014,0,,,,,,,,,0,,,0,2.41,1.63,-0.65,0,318,,,0,,5129,203,-159,0,0.75,0.15,-0.07,0,0.76,0.12,-0.07,0,-0.2,0.34,-0.28,0,4.56,0.05,-0.11,0,497.093,4.7,-4.7,04-12-2014,18-11-2014
Kepler-1389 b,99.2530951,0.0008711,-0.0008711,0,0.3825,,,0,1.77,0.36,-0.16,0,0.158,0.032,-0.014,0,,,,,,,,,0,,,0,2.41,1.63,-0.65,0,318,,,0,,5129,203,-159,0,0.75,0.15,-0.07,0,0.76,0.12,-0.07,0,-0.2,0.34,-0.28,0,4.56,0.05,-0.11,0,497.093,4.7,-4.7,24-09-2015,25-08-2015
Kepler-1389 b,99.2530951,0.0008711,-0.0008711,0,0.3825,,,0,1.77,0.36,-0.16,0,0.158,0.032,-0.014,0,,,,,,,,,0,,,0,2.41,1.63,-0.65,0,318,,,0,,5129,203,-159,0,0.75,0.15,-0.07,0,0.76,0.12,-0.07,0,-0.2,0.34,-0.28,0,4.56,0.05,-0.11,0,497.093,4.7,-4.7,18-12-2014,21-11-2014
TOI-5713 b,10.44198961,0.00006124,-0.00006124,0,,,,,1.861,0.818,-0.818,0,0.166,0.073,-0.073,0,,,,,,,,,,,,,2.41,,,0,318,,,0,,3271,157,-157,0,0.29,0.01,-0.01,0,,,,,,,,,4.93,0.01,-0.01,0,40.8668,0.073,-0.0728,2017-07,08-05-2024
Kepler-186 e,22.40777833,0.00007391,-0.00007391,0,0.1194,,,0,1.15,0.1,-0.14,0,0.103,0.009,-0.012,0,,,,,,,,,0,,,0,2.44,0.7,-0.71,0,319,,,0,,3751,75,-84,0,0.44,0.04,-0.05,0,0.45,0.04,-0.05,0,-0.34,0.15,-0.15,0,4.8,0.07,-0.04,0,177.594,0.774,-0.774,31-08-2017 00:00,08-05-2017
Kepler-1651 b,9.8847,0.0023,-0.0023,0,0.054,,,0,1.15,,,0,0.103,,,0,,,,,,,,,0,,,0,,,,0,320,,,0,,3240,,,0,0.27,,,0,0.21,,,0,,,,0,4.9,,,0,66.4074,0.1062,-0.1059,08-01-2014,28-10-2013
Kepler-1582 b,4.83817712,0.0000884,-0.0000884,0,0.0285,,,0,0.77,0,0,0,0.069,0,0,0,,,,,,,,,0,,,0,2.5,0,0,0,321,,,0,,3089,0,0,0,0.16,0,0,0,0.13,0,0,0,0,,,0,5.16,0,0,0,78.8906,0.4421,-0.4372,24-09-2015,25-08-2015
Kepler-1582 b,4.83817712,0.0000884,-0.0000884,0,0.0285,,,0,0.77,0,0,0,0.069,0,0,0,,,,,,,,,0,,,0,2.5,0,0,0,321,,,0,,3089,0,0,0,0.16,0,0,0,0.13,0,0,0,0,,,0,5.16,0,0,0,78.8906,0.4421,-0.4372,04-12-2014,18-11-2014
Kepler-1582 b,4.83817712,0.0000884,-0.0000884,0,0.0285,,,0,0.77,0,0,0,0.069,0,0,0,,,,,,,,,0,,,0,2.5,0,0,0,321,,,0,,3089,0,0,0,0.16,0,0,0,0.13,0,0,0,0,,,0,5.16,0,0,0,78.8906,0.4421,-0.4372,18-12-2014,21-11-2014
TOI-6002 b,10.904821,0.000021,-0.000018,0,0.05722,0.00044,-0.00044,0,1.65,0.22,-0.19,0,0.147,0.02,-0.017,0,,,,,,,,,0.15,0.42,-0.11,0,1.68,0.17,-0.37,0,321,7,-5,0,M3.5+/-0.5,3229,77,-57,0,0.24,0.01,-0.01,0,0.21,0,0,0,-0.18,0.12,-0.12,0,4.99,0.03,-0.02,0,32.0266,0.0448,-0.0447,2024-10,04-11-2024
Kepler-1512 b,20.359722,0.000076,-0.000076,0,0.1097,0.0045,-0.0079,0,0.8,0.13,-0.13,0,0.071,0.012,-0.012,0,,,,,,,,,,,,,1.6,0.44,-0.51,0,322,27,-40,0,,3484,91,-91,0,0.39,0.05,-0.07,0,0.42,0.05,-0.09,0,0.15,0.11,-0.11,0,4.87,0.08,-0.04,0,,,,2017-12,17-11-2017
Kepler-186 e,22.40777444,0.00006784,-0.00006784,0,0.1218,,,0,1.26,0.17,-0.16,0,0.112,0.015,-0.014,0,,,,,,,,,0,,,0,2.55,0.99,-0.72,0,322,,,0,,3761,77,-50,0,0.46,0.06,-0.06,0,0.48,0.06,-0.06,0,-0.21,0.11,-0.11,0,4.79,0.08,-0.08,0,177.594,0.774,-0.774,18-12-2014,21-11-2014
Kepler-186 e,22.40777444,0.00006784,-0.00006784,0,0.1218,,,0,1.26,0.17,-0.16,0,0.112,0.015,-0.014,0,,,,,,,,,0,,,0,2.55,0.99,-0.72,0,322,,,0,,3761,77,-50,0,0.46,0.06,-0.06,0,0.48,0.06,-0.06,0,-0.21,0.11,-0.11,0,4.79,0.08,-0.08,0,177.594,0.774,-0.774,04-12-2014,18-11-2014
Kepler-186 e,22.40777444,0.00006784,-0.00006784,0,0.1218,,,0,1.26,0.17,-0.16,0,0.112,0.015,-0.014,0,,,,,,,,,0,,,0,2.55,0.99,-0.72,0,322,,,0,,3761,77,-50,0,0.46,0.06,-0.06,0,0.48,0.06,-0.06,0,-0.21,0.11,-0.11,0,4.79,0.08,-0.08,0,177.594,0.774,-0.774,24-09-2015,25-08-2015
Kepler-236 c,23.9679932,0.00008351,-0.00008351,0,0.1325,,,0,1.85,0.22,-0.21,0,0.165,0.02,-0.019,0,,,,,,,,,0,,,0,2.62,0.89,-0.71,0,325,,,0,,3750,66,-60,0,0.51,0.06,-0.06,0,0.54,0.06,-0.06,0,0.08,0.11,-0.11,0,4.75,0.07,-0.07,0,288.763,2.265,-2.265,04-12-2014,18-11-2014
Kepler-236 c,23.97159958,0.0011,-0.0011,0,0.13215,0.00489,-0.00489,0,1.84,0.24,-0.24,0,0.164,0.021,-0.021,0,,,,,,,,,,,,,,,,,325,,,0,M1 V,3750,66,-60,0,0.51,0.06,-0.06,0,0.54,0.06,-0.06,0,0.08,0.11,-0.11,0,,,,,288.763,2.265,-2.265,2012-05,25-02-2016
Kepler-236 c,23.9679932,0.00008351,-0.00008351,0,0.1325,,,0,1.85,0.22,-0.21,0,0.165,0.02,-0.019,0,,,,,,,,,0,,,0,2.62,0.89,-0.71,0,325,,,0,,3750,66,-60,0,0.51,0.06,-0.06,0,0.54,0.06,-0.06,0,0.08,0.11,-0.11,0,4.75,0.07,-0.07,0,288.763,2.265,-2.265,18-12-2014,21-11-2014
Kepler-236 c,23.9679932,0.00008351,-0.00008351,0,0.1325,,,0,1.85,0.22,-0.21,0,0.165,0.02,-0.019,0,,,,,,,,,0,,,0,2.62,0.89,-0.71,0,325,,,0,,3750,66,-60,0,0.51,0.06,-0.06,0,0.54,0.06,-0.06,0,0.08,0.11,-0.11,0,4.75,0.07,-0.07,0,288.763,2.265,-2.265,24-09-2015,25-08-2015
Kepler-69 c,242.4659,0.0027,-0.0027,0,0.74,0.011,-0.013,0,1.79,0.22,-0.18,0,0.16,0.02,-0.016,0,,,,,,,,,,,,,1.64,0.48,-0.34,0,325,35,-27,0,,5700,100,-100,0,0.99,0.15,-0.07,0,0.91,0.05,-0.04,0,-0.1,0.1,-0.1,0,4.4,0.07,-0.11,0,730.625,7.6555,-7.6555,2017-12,17-11-2017
TOI-406.01,13.17572943,0.00003134,-0.00003134,0,,,,,1.96,0.446,-0.446,0,0.175,0.04,-0.04,0,,,,,,,,,,,,,2.65,,,0,325,,,0,,3349,63,-63,0,0.39,0.01,-0.01,0,,,,,,,,,4.94,0.4,-0.4,0,31.0597,0.0341,-0.034,2017-07,16-09-2024
Kepler-52 d,36.44591,0.00049,-0.00049,0,0.179,,,0,1.96,0.21,-0.21,0,0.175,0.019,-0.019,0,,,,,,,,,0,,,0,,,,0,326,,,0,,4222,65,-65,0,0.55,0.01,-0.01,0,0.58,0.01,-0.01,0,,,,0,4.72,0.3,-0.3,0,321.542,2.42,-2.383,08-01-2014,28-10-2013
TOI-1266 c,18.80161111,0.0000532,-0.0000532,0,,,,,1.911,0.317,-0.317,0,0.171,0.028,-0.028,0,,,,,,,,,,,,,2.66,,,0,326,,,0,,3618,157,-157,0,0.44,0.01,-0.01,0,,,,,,,,,4.79,0.01,-0.01,0,36.0118,0.0295,-0.0295,2017-07,14-11-2022
TOI-1452 b,11.06201,0.00002,-0.00002,0,0.061,0.003,-0.003,0,1.672,0.071,-0.071,0,0.149,0.006,-0.006,0,4.82,1.3,-1.3,0,0.01517,0.00409,-0.00409,0,0,,,0,1.8,0.2,-0.2,0,326,7,-7,0,M4 &#177 0.5 V,3185,50,-50,0,0.28,0.01,-0.01,0,0.25,0.01,-0.01,0,-0.07,0.02,-0.02,0,4.95,0.03,-0.03,0,30.5212,0.0392,-0.039,2022-09,30-08-2022
Kepler-54 d,20.99587872,0.00007662,-0.00007662,0,0.117,,,0,1.3,0.1,-0.15,0,0.116,0.009,-0.013,0,,,,,,,,,0,,,0,2.74,0.7,-0.79,0,328,,,0,,3713,74,-92,0,0.47,0.04,-0.05,0,0.48,0.04,-0.05,0,-0.12,0.15,-0.15,0,4.78,0.06,-0.03,0,271.701,2.9175,-2.9175,31-08-2017 00:00,08-05-2017
Kepler-236 c,23.96793669,0.00009249,-0.00009249,0,0.1322,,,0,1.8,0.1,-0.15,0,0.161,0.009,-0.013,0,,,,,,,,,0,,,0,2.77,0.58,-0.64,0,329,,,0,,3747,75,-83,0,0.52,0.03,-0.04,0,0.54,0.04,-0.04,0,0.1,0.15,-0.15,0,4.73,0.04,-0.03,0,288.763,2.265,-2.265,31-08-2017 00:00,08-05-2017
Kepler-54 d,20.99589959,0.00007523,-0.00007523,0,0.1175,,,0,1.38,0.18,-0.17,0,0.123,0.016,-0.015,0,,,,,,,,,0,,,0,2.76,1.02,-0.82,0,329,,,0,,3726,69,-71,0,0.47,0.06,-0.06,0,0.49,0.06,-0.06,0,-0.12,0.11,-0.11,0,4.78,0.08,-0.08,0,271.701,2.9175,-2.9175,04-12-2014,18-11-2014
Kepler-54 d,20.99589959,0.00007523,-0.00007523,0,0.1175,,,0,1.38,0.18,-0.17,0,0.123,0.016,-0.015,0,,,,,,,,,0,,,0,2.76,1.02,-0.82,0,329,,,0,,3726,69,-71,0,0.47,0.06,-0.06,0,0.49,0.06,-0.06,0,-0.12,0.11,-0.11,0,4.78,0.08,-0.08,0,271.701,2.9175,-2.9175,18-12-2014,21-11-2014
Kepler-54 d,20.99589959,0.00007523,-0.00007523,0,0.1175,,,0,1.38,0.18,-0.17,0,0.123,0.016,-0.015,0,,,,,,,,,0,,,0,2.76,1.02,-0.82,0,329,,,0,,3726,69,-71,0,0.47,0.06,-0.06,0,0.49,0.06,-0.06,0,-0.12,0.11,-0.11,0,4.78,0.08,-0.08,0,271.701,2.9175,-2.9175,24-09-2015,25-08-2015
Kepler-225 c,18.79419535,0.00004682,-0.00004682,0,0.1069,,,0,1.81,0.28,-0.29,0,0.161,0.025,-0.026,0,,,,,,,,,0,,,0,2.79,1.39,-1.03,0,330,,,0,,3682,103,-102,0,0.44,0.07,-0.07,0,0.46,0.08,-0.08,0,-0.11,0.14,-0.14,0,4.81,0.1,-0.1,0,561.101,12.701,-12.16,24-09-2015,25-08-2015
Kepler-225 c,18.79523087,0.0006,-0.0006,0,0.10714,0.00554,-0.00554,0,1.74,1.86,-1.86,0,0.155,0.166,-0.166,0,,,,,,,,,,,,,,,,,330,,,0,M1 V,3682,103,-102,0,0.44,0.07,-0.07,0,0.46,0.08,-0.08,0,-0.11,0.14,-0.14,0,,,,,561.101,12.701,-12.16,2012-05,25-02-2016
Kepler-225 c,18.79419535,0.00004682,-0.00004682,0,0.1069,,,0,1.81,0.28,-0.29,0,0.161,0.025,-0.026,0,,,,,,,,,0,,,0,2.79,1.39,-1.03,0,330,,,0,,3682,103,-102,0,0.44,0.07,-0.07,0,0.46,0.08,-0.08,0,-0.11,0.14,-0.14,0,4.81,0.1,-0.1,0,561.101,12.701,-12.16,04-12-2014,18-11-2014
Kepler-225 c,18.79419535,0.00004682,-0.00004682,0,0.1069,,,0,1.81,0.28,-0.29,0,0.161,0.025,-0.026,0,,,,,,,,,0,,,0,2.79,1.39,-1.03,0,330,,,0,,3682,103,-102,0,0.44,0.07,-0.07,0,0.46,0.08,-0.08,0,-0.11,0.14,-0.14,0,4.81,0.1,-0.1,0,561.101,12.701,-12.16,18-12-2014,21-11-2014
Kepler-482 b,56.35387,0.00036,-0.00036,0,0.253,,,0,1.94,0.08,-0.08,0,0.173,0.007,-0.007,0,,,,,,,,,0,,,0,,,,0,331,,,0,,4768,100,-100,0,0.63,0.03,-0.03,0,0.68,0.03,-0.03,0,,,,0,4.68,0.2,-0.2,0,313.068,2.2585,-2.2585,08-01-2014,28-10-2013
Kepler-249 d,15.36845737,0.00004067,-0.00004067,0,0.0922,,,0,1.11,0.12,-0.16,0,0.099,0.011,-0.014,0,,,,,,,,,0,,,0,2.86,0.95,-0.98,0,332,,,0,,3561,71,-89,0,0.41,0.04,-0.06,0,0.44,0.04,-0.08,0,0,0.15,-0.15,0,4.86,0.06,-0.06,0,190.401,1.2195,-1.2195,31-08-2017 00:00,08-05-2017
Kepler-52 d,36.4454001,0.0001809,-0.0001809,0,0.1847,,,0,1.99,0.09,-0.09,0,0.178,0.008,-0.008,0,,,,,,,,,0,,,0,2.88,0.51,-0.47,0,332,,,0,,4126,82,-82,0,0.61,0.03,-0.03,0,0.63,0.03,-0.04,0,0.04,0.15,-0.15,0,4.66,0.02,-0.02,0,321.542,2.42,-2.383,31-08-2017 00:00,08-05-2017
Kepler-138 d,23.08901839,0.00002709,-0.00002709,0,0.1277,,,0,1.52,0.18,-0.18,0,0.136,0.016,-0.016,0,,,,,,,,,0,,,0,2.99,0.96,-0.8,0,335,,,0,,3841,50,-51,0,0.5,0.06,-0.06,0,0.52,0.06,-0.06,0,-0.18,0.1,-0.1,0,4.76,0.07,-0.07,0,66.8624,0.107,-0.107,18-12-2014,21-11-2014
Kepler-138 d,23.08901839,0.00002709,-0.00002709,0,0.1277,,,0,1.52,0.18,-0.18,0,0.136,0.016,-0.016,0,,,,,,,,,0,,,0,2.99,0.96,-0.8,0,335,,,0,,3841,50,-51,0,0.5,0.06,-0.06,0,0.52,0.06,-0.06,0,-0.18,0.1,-0.1,0,4.76,0.07,-0.07,0,66.8624,0.107,-0.107,24-09-2015,25-08-2015
Kepler-138 d,23.08901839,0.00002709,-0.00002709,0,0.1277,,,0,1.52,0.18,-0.18,0,0.136,0.016,-0.016,0,,,,,,,,,0,,,0,2.99,0.96,-0.8,0,335,,,0,,3841,50,-51,0,0.5,0.06,-0.06,0,0.52,0.06,-0.06,0,-0.18,0.1,-0.1,0,4.76,0.07,-0.07,0,66.8624,0.107,-0.107,04-12-2014,18-11-2014
Kepler-138 d,23.0904007,0.00034,-0.00034,0,0.12781,0.00456,-0.00456,0,1.26,2.13,-2.13,0,0.112,0.19,-0.19,0,,,,,,,,,,,,,,,,,335,,,0,M1 V,3841,50,-51,0,0.5,0.06,-0.06,0,0.52,0.06,-0.06,0,-0.18,0.1,-0.1,0,,,,,66.8624,0.107,-0.107,2012-05,25-02-2016
Kepler-1633 b,186.404271,0.005886,-0.005886,0,0.6407,,,0,1.06,0.44,-0.09,0,0.095,0.039,-0.008,0,,,,,,,,,0,,,0,3.01,3.78,-0.86,0,336,,,0,,6351,193,-236,0,0.92,0.38,-0.08,0,1.01,0.12,-0.14,0,-0.5,0.24,-0.32,0,4.51,0.04,-0.31,0,1114.91,17.215,-17.215,18-12-2014,21-11-2014
Kepler-1633 b,186.404271,0.005886,-0.005886,0,0.6407,,,0,1.06,0.44,-0.09,0,0.095,0.039,-0.008,0,,,,,,,,,0,,,0,3.01,3.78,-0.86,0,336,,,0,,6351,193,-236,0,0.92,0.38,-0.08,0,1.01,0.12,-0.14,0,-0.5,0.24,-0.32,0,4.51,0.04,-0.31,0,1114.91,17.215,-17.215,24-09-2015,25-08-2015
Kepler-249 d,15.36843606,0.00003699,-0.00003699,0,0.0921,,,0,1.21,0.17,-0.18,0,0.108,0.015,-0.016,0,,,,,,,,,0,,,0,3.02,1.21,-0.93,0,336,,,0,,3568,64,-51,0,0.42,0.06,-0.06,0,0.44,0.06,-0.06,0,0.02,0.1,-0.1,0,4.83,0.09,-0.09,0,190.401,1.2195,-1.2195,24-09-2015,25-08-2015
Kepler-249 d,15.36843606,0.00003699,-0.00003699,0,0.0921,,,0,1.21,0.17,-0.18,0,0.108,0.015,-0.016,0,,,,,,,,,0,,,0,3.02,1.21,-0.93,0,336,,,0,,3568,64,-51,0,0.42,0.06,-0.06,0,0.44,0.06,-0.06,0,0.02,0.1,-0.1,0,4.83,0.09,-0.09,0,190.401,1.2195,-1.2195,04-12-2014,18-11-2014
Kepler-249 d,15.36812973,0.00026,-0.00026,0,0.09198,0.00398,-0.00398,0,1.33,1.66,-1.66,0,0.119,0.148,-0.148,0,,,,,,,,,,,,,,,,,336,,,0,M2 V,3568,64,-51,0,0.42,0.06,-0.06,0,0.44,0.06,-0.06,0,0.02,0.1,-0.1,0,,,,,190.401,1.2195,-1.2195,2012-05,25-02-2016
Kepler-249 d,15.36843606,0.00003699,-0.00003699,0,0.0921,,,0,1.21,0.17,-0.18,0,0.108,0.015,-0.016,0,,,,,,,,,0,,,0,3.02,1.21,-0.93,0,336,,,0,,3568,64,-51,0,0.42,0.06,-0.06,0,0.44,0.06,-0.06,0,0.02,0.1,-0.1,0,4.83,0.09,-0.09,0,190.401,1.2195,-1.2195,18-12-2014,21-11-2014
Kepler-296 e,,,,,0.176,,,0,1.86,0.17,-0.17,0,0.166,0.015,-0.015,0,,,,,,,,,,,,,,,,,337,18,-18,0,,3821,160,-160,0,0.59,0.07,-0.07,0,0.63,0.08,-0.08,0,0.3,,,0,,,,,,,,2015-05,11-02-2016
Kepler-138 d,23.08902241,0.00002414,-0.00002414,0,0.1264,,,0,1.24,0.08,-0.12,0,0.111,0.007,-0.011,0,,,,,,,,,0,,,0,3.1,0.7,-0.78,0,338,,,0,,3846,77,-84,0,0.5,0.03,-0.05,0,0.51,0.04,-0.04,0,-0.24,0.15,-0.15,0,4.74,0.05,-0.02,0,66.8624,0.107,-0.107,31-08-2017 00:00,08-05-2017
Kepler-1849 b,57.2937,0.0014,-0.0014,0,0.257,,,0,1.85,0.74,-0.74,0,0.165,0.066,-0.066,0,,,,,,,,,0,,,0,,,,0,339,,,0,,4784,69,-69,0,0.67,0.02,-0.02,0,0.69,0.02,-0.02,0,,,,0,4.63,0.3,-0.3,0,631.884,11.752,-11.337,08-01-2014,28-10-2013
Kepler-369 c,14.87153514,0.00005078,-0.00005078,0,0.0894,,,0,1.32,0.19,-0.17,0,0.118,0.017,-0.015,0,,,,,,,,,0,,,0,3.13,1.27,-0.85,0,339,,,0,,3591,60,-50,0,0.41,0.06,-0.05,0,0.43,0.06,-0.05,0,-0.1,0.1,-0.1,0,4.85,0.06,-0.07,0,,,,04-12-2014,18-11-2014
Kepler-369 c,14.87153514,0.00005078,-0.00005078,0,0.0894,,,0,1.32,0.19,-0.17,0,0.118,0.017,-0.015,0,,,,,,,,,0,,,0,3.13,1.27,-0.85,0,339,,,0,,3591,60,-50,0,0.41,0.06,-0.05,0,0.43,0.06,-0.05,0,-0.1,0.1,-0.1,0,4.85,0.06,-0.07,0,,,,18-12-2014,21-11-2014
Kepler-369 c,14.87153514,0.00005078,-0.00005078,0,0.0894,,,0,1.32,0.19,-0.17,0,0.118,0.017,-0.015,0,,,,,,,,,0,,,0,3.13,1.27,-0.85,0,339,,,0,,3591,60,-50,0,0.41,0.06,-0.05,0,0.43,0.06,-0.05,0,-0.1,0.1,-0.1,0,4.85,0.06,-0.07,0,,,,24-09-2015,25-08-2015
Kepler-220 e,45.9029768,0.0001654,-0.0001654,0,0.2166,,,0,1.18,0.05,-0.06,0,0.105,0.004,-0.005,0,,,,,,,,,0,,,0,3.19,0.54,-0.53,0,341,,,0,,4499,89,-89,0,0.64,0.03,-0.03,0,0.64,0.04,-0.03,0,-0.26,0.15,-0.15,0,4.63,0.03,-0.02,0,171.109,0.637,-0.633,31-08-2017 00:00,08-05-2017
Kepler-395 c,34.98956,0.00022,-0.00022,0,0.1743,0.0023,-0.0023,0,1.336,0.072,-0.072,0,0.119,0.006,-0.006,0,,,,,,,,,,,,,2.11,0.19,-0.25,0,341,27,-27,0,,3931,47,-47,0,0.55,0.02,-0.02,0,0.58,0.02,-0.02,0,-0.02,0.09,-0.09,0,4.72,0.02,-0.02,0,421.382,8.0905,-8.0905,2017-12,17-11-2017
Kepler-445 c,4.87122366,0.00000769,-0.00000769,0,0.0301,,,0,1.56,0.7,-0.23,0,0.139,0.062,-0.021,0,,,,,,,,,0,,,0,3.18,4.16,-0.99,0,341,,,0,,3157,75,-37,0,0.18,0.08,-0.03,0,0.15,0.09,-0.02,0,0.26,0.15,-0.1,0,5.11,0.08,-0.12,0,127.201,0.995,-0.995,31-08-2017 00:00,08-05-2017
Kepler-367 c,53.5782,0.001,-0.001,0,0.244,,,0,1.08,0.15,-0.15,0,0.096,0.013,-0.013,0,,,,,,,,,0,,,0,,,,0,342,,,0,,4739,69,-69,0,0.65,0.02,-0.02,0,0.68,0.02,-0.02,0,,,,0,4.64,0.3,-0.3,0,188.027,0.86,-0.854,08-01-2014,28-10-2013
TRAPPIST-1 c,2.4218233,0.0000017,-0.0000017,0,0.01521,0.00047,-0.00047,0,1.056,0.035,-0.035,0,0.094,0.003,-0.003,0,1.38,0.61,-0.61,0,0.00434,0.00192,-0.00192,0,0.083,,,1,2.27,0.18,-0.18,0,342,7,-7,0,,2559,50,-50,0,0.12,0,0,0,0.08,0.01,-0.01,0,0.04,0.08,-0.08,0,,,,,,,,2017-02,22-02-2017
TRAPPIST-1 c,2.421848,0.000028,-0.000028,0,0.01522,0.00055,-0.00055,0,1.049,0.05,-0.05,0,0.094,0.004,-0.004,0,,,,,,,,,0,,,0,2.26,0.21,-0.21,0,342,8,-8,0,,2550,55,-55,0,0.12,0,0,0,0.08,0.01,-0.01,0,0.04,0.08,-0.08,0,,,,,,,,2016-05,05-05-2016
Kepler-1535 b,138.9442,0.001214,-0.001214,0,0.5125,,,0,1.97,0.84,-0.15,0,0.176,0.075,-0.013,0,,,,,,,,,0,,,0,3.26,4.09,-0.77,0,343,,,0,,6049,156,-167,0,0.84,0.36,-0.06,0,0.93,0.1,-0.11,0,-0.46,0.28,-0.28,0,4.55,0.03,-0.31,0,897.733,14.456,-14.013,24-09-2015,25-08-2015
Kepler-1535 b,138.9442,0.001214,-0.001214,0,0.5125,,,0,1.97,0.84,-0.15,0,0.176,0.075,-0.013,0,,,,,,,,,0,,,0,3.26,4.09,-0.77,0,343,,,0,,6049,156,-167,0,0.84,0.36,-0.06,0,0.93,0.1,-0.11,0,-0.46,0.28,-0.28,0,4.55,0.03,-0.31,0,897.733,14.456,-14.013,18-12-2014,21-11-2014
Kepler-1535 b,138.9442,0.001214,-0.001214,0,0.5125,,,0,1.97,0.84,-0.15,0,0.176,0.075,-0.013,0,,,,,,,,,0,,,0,3.26,4.09,-0.77,0,343,,,0,,6049,156,-167,0,0.84,0.36,-0.06,0,0.93,0.1,-0.11,0,-0.46,0.28,-0.28,0,4.55,0.03,-0.31,0,897.733,14.456,-14.013,04-12-2014,18-11-2014
Kepler-1802 c,33.1364259,0.0002424,-0.0002424,0,0.1723,,,0,1.88,0.14,-0.17,0,0.168,0.012,-0.015,0,,,,,,,,,0,,,0,3.28,0.84,-0.77,0,343,,,0,,4141,91,-80,0,0.61,0.04,-0.06,0,0.62,0.04,-0.06,0,-0.04,0.26,-0.3,0,4.66,0.03,-0.05,0,636.694,49.122,-42.646,18-12-2014,21-11-2014
Kepler-1802 c,33.1364259,0.0002424,-0.0002424,0,0.1723,,,0,1.88,0.14,-0.17,0,0.168,0.012,-0.015,0,,,,,,,,,0,,,0,3.28,0.84,-0.77,0,343,,,0,,4141,91,-80,0,0.61,0.04,-0.06,0,0.62,0.04,-0.06,0,-0.04,0.26,-0.3,0,4.66,0.03,-0.05,0,636.694,49.122,-42.646,24-09-2015,25-08-2015
Kepler-1802 c,33.1364259,0.0002424,-0.0002424,0,0.1723,,,0,1.88,0.14,-0.17,0,0.168,0.012,-0.015,0,,,,,,,,,0,,,0,3.28,0.84,-0.77,0,343,,,0,,4141,91,-80,0,0.61,0.04,-0.06,0,0.62,0.04,-0.06,0,-0.04,0.26,-0.3,0,4.66,0.03,-0.05,0,636.694,49.122,-42.646,04-12-2014,18-11-2014
Kepler-205 c,20.30655662,0.00002782,-0.00002782,0,0.1164,,,0,1.29,0.16,-0.16,0,0.115,0.014,-0.014,0,,,,,,,,,0,,,0,3.29,1.09,-0.92,0,343,,,0,,3834,50,-57,0,0.48,0.06,-0.06,0,0.51,0.06,-0.06,0,-0.25,0.1,-0.1,0,4.78,0.07,-0.07,0,159.72,0.348,-0.347,04-12-2014,18-11-2014
Kepler-205 c,20.30655662,0.00002782,-0.00002782,0,0.1164,,,0,1.29,0.16,-0.16,0,0.115,0.014,-0.014,0,,,,,,,,,0,,,0,3.29,1.09,-0.92,0,343,,,0,,3834,50,-57,0,0.48,0.06,-0.06,0,0.51,0.06,-0.06,0,-0.25,0.1,-0.1,0,4.78,0.07,-0.07,0,159.72,0.348,-0.347,18-12-2014,21-11-2014
Kepler-205 c,20.30655662,0.00002782,-0.00002782,0,0.1164,,,0,1.29,0.16,-0.16,0,0.115,0.014,-0.014,0,,,,,,,,,0,,,0,3.29,1.09,-0.92,0,343,,,0,,3834,50,-57,0,0.48,0.06,-0.06,0,0.51,0.06,-0.06,0,-0.25,0.1,-0.1,0,4.78,0.07,-0.07,0,159.72,0.348,-0.347,24-09-2015,25-08-2015
Kepler-231 c,19.2715468,0.00004404,-0.00004404,0,0.1125,,,0,1.73,0.22,-0.21,0,0.154,0.02,-0.019,0,,,,,,,,,0,,,0,3.28,1.5,-0.9,0,343,,,0,,3767,135,-51,0,0.48,0.06,-0.06,0,0.51,0.06,-0.06,0,-0.1,0.11,-0.11,0,4.78,0.07,-0.07,0,316.618,3.348,-3.281,24-09-2015,25-08-2015
Kepler-231 c,19.2715468,0.00004404,-0.00004404,0,0.1125,,,0,1.73,0.22,-0.21,0,0.154,0.02,-0.019,0,,,,,,,,,0,,,0,3.28,1.5,-0.9,0,343,,,0,,3767,135,-51,0,0.48,0.06,-0.06,0,0.51,0.06,-0.06,0,-0.1,0.11,-0.11,0,4.78,0.07,-0.07,0,316.618,3.348,-3.281,04-12-2014,18-11-2014
Kepler-231 c,19.2715468,0.00004404,-0.00004404,0,0.1125,,,0,1.73,0.22,-0.21,0,0.154,0.02,-0.019,0,,,,,,,,,0,,,0,3.28,1.5,-0.9,0,343,,,0,,3767,135,-51,0,0.48,0.06,-0.06,0,0.51,0.06,-0.06,0,-0.1,0.11,-0.11,0,4.78,0.07,-0.07,0,316.618,3.348,-3.281,18-12-2014,21-11-2014
Kepler-55 c,42.14334,0.00053,-0.00053,0,0.203,,,0,1.77,0.21,-0.21,0,0.158,0.019,-0.019,0,,,,,,,,,0,,,0,,,,0,343,,,0,,4509,64,-64,0,0.6,0.01,-0.01,0,0.63,0.02,-0.02,0,,,,0,4.68,0.3,-0.3,0,578.796,9.604,-9.3,08-01-2014,28-10-2013
K2-3 c,24.64354,0.00117,-0.00117,0,0.1399,0.007,-0.007,0,1.85,0.27,-0.27,0,0.165,0.024,-0.024,0,,,,,,,,,,,,,3.3,1.1,-1.1,0,344,29,-29,0,M0 V,3896,189,-189,0,0.56,0.07,-0.07,0,0.6,0.09,-0.09,0,-0.32,0.13,-0.13,0,4.72,0.13,-0.13,0,44.0727,0.10815,-0.10815,2016-08,07-07-2016
TOI-1266 c,18.80151,0.00067,-0.00069,0,0.1058,0.0023,-0.0024,0,1.56,0.15,-0.13,0,0.139,0.013,-0.012,0,2.2,2,-1.5,0,0.00692,0.00629,-0.00472,0,0.04,0.03,-0.03,0,2.3,0.5,-0.4,0,344,16,-16,0,M3,3600,150,-150,0,0.42,0.02,-0.02,0,0.45,0.03,-0.03,0,-0.5,0.5,-0.5,0,4.85,0.05,-0.05,0,36.0118,0.0295,-0.0295,2020-10,08-10-2020
TOI-237 b,5.433729,0.001053,-0.001053,0,,,,,1.742,0.972,-0.972,0,0.155,0.087,-0.087,0,,,,,,,,,,,,,3.32,,,0,344,,,0,,3139,98,-98,0,0.21,0.05,-0.05,0,,,,,,,,,5.05,0.55,-0.55,0,38.0749,0.2292,-0.2265,2017-07,08-08-2022
TOI-406.01,13.1757294,,,0,0.085518,,,0,1.96,0.446,-0.446,0,0.175,0.04,-0.04,0,,,,,,,,,,,,,2.65,,,0,344,,,0,,3349,,,0,0.39,,,0,0.48,,,0,,,,,4.94,,,0,31.0597,0.0341,-0.034,2024-05,11-06-2024
Kepler-138 d,23.0923,0.0006,-0.0006,0,0.1288,0.001,-0.001,0,1.51,0.04,-0.04,0,0.135,0.004,-0.004,0,2.1,0.6,-0.7,0,0.00661,0.00189,-0.0022,0,0.01,0.005,-0.005,0,3.4,0.2,-0.2,0,345,7,-7,0,,3841,50,-51,0,0.54,0.01,-0.01,0,0.54,0.01,-0.01,0,-0.18,0.1,-0.1,0,4.71,0.03,-0.03,0,66.8624,0.107,-0.107,2022-12,04-01-2023
Kepler-205 c,20.30707932,0.00029,-0.00029,0,0.11617,0.00426,-0.00426,0,1.22,0.14,-0.14,0,0.109,0.012,-0.012,0,,,,,,,,,,,,,,,,,345,,,0,M1 V,3834,50,-57,0,0.48,0.06,-0.06,0,0.51,0.06,-0.06,0,-0.25,0.1,-0.1,0,,,,,159.72,0.348,-0.347,2012-05,25-02-2016
Kepler-231 c,19.26930046,0.00059,-0.00059,0,0.1121,0.00443,-0.00443,0,1.69,1.76,-1.76,0,0.151,0.157,-0.157,0,,,,,,,,,,,,,,,,,345,,,0,M1 V,3767,135,-51,0,0.48,0.06,-0.06,0,0.51,0.06,-0.06,0,-0.1,0.11,-0.11,0,,,,,316.618,3.348,-3.281,2012-05,25-02-2016
Kepler-331 d,32.1340737,0.0001339,-0.0001339,0,0.1607,,,0,1.92,0.16,-0.16,0,0.171,0.014,-0.014,0,,,,,,,,,0,,,0,3.35,1.1,-0.89,0,345,,,0,,4345,133,-143,0,0.52,0.04,-0.04,0,0.54,0.04,-0.04,0,-0.86,0.28,-0.3,0,4.73,0.05,-0.04,0,580.119,12.249,-12.249,04-12-2014,18-11-2014
Kepler-331 d,32.1340737,0.0001339,-0.0001339,0,0.1607,,,0,1.92,0.16,-0.16,0,0.171,0.014,-0.014,0,,,,,,,,,0,,,0,3.35,1.1,-0.89,0,345,,,0,,4345,133,-143,0,0.52,0.04,-0.04,0,0.54,0.04,-0.04,0,-0.86,0.28,-0.3,0,4.73,0.05,-0.04,0,580.119,12.249,-12.249,24-09-2015,25-08-2015
Kepler-331 d,32.1340737,0.0001339,-0.0001339,0,0.1607,,,0,1.92,0.16,-0.16,0,0.171,0.014,-0.014,0,,,,,,,,,0,,,0,3.35,1.1,-0.89,0,345,,,0,,4345,133,-143,0,0.52,0.04,-0.04,0,0.54,0.04,-0.04,0,-0.86,0.28,-0.3,0,4.73,0.05,-0.04,0,580.119,12.249,-12.249,18-12-2014,21-11-2014
Kepler-174 c,44.0004287,0.0001377,-0.0001377,0,0.2039,,,0,1.46,0.06,-0.07,0,0.13,0.005,-0.006,0,,,,,,,,,0,,,0,3.38,0.58,-0.55,0,346,,,0,,4590,88,-91,0,0.59,0.03,-0.03,0,0.58,0.03,-0.02,0,-0.64,0.16,-0.14,0,4.66,0.03,-0.02,0,384.757,2.684,-2.684,18-12-2014,21-11-2014
Kepler-174 c,44.0004287,0.0001377,-0.0001377,0,0.2039,,,0,1.46,0.06,-0.07,0,0.13,0.005,-0.006,0,,,,,,,,,0,,,0,3.38,0.58,-0.55,0,346,,,0,,4590,88,-91,0,0.59,0.03,-0.03,0,0.58,0.03,-0.02,0,-0.64,0.16,-0.14,0,4.66,0.03,-0.02,0,384.757,2.684,-2.684,04-12-2014,18-11-2014
Kepler-174 c,44.0004287,0.0001377,-0.0001377,0,0.2039,,,0,1.46,0.06,-0.07,0,0.13,0.005,-0.006,0,,,,,,,,,0,,,0,3.38,0.58,-0.55,0,346,,,0,,4590,88,-91,0,0.59,0.03,-0.03,0,0.58,0.03,-0.02,0,-0.64,0.16,-0.14,0,4.66,0.03,-0.02,0,384.757,2.684,-2.684,24-09-2015,25-08-2015
Kepler-331 d,32.1340014,0.0002547,-0.0002547,0,0.161,,,0,1.84,0.15,-0.16,0,0.164,0.013,-0.014,0,,,,,,,,,0,,,0,3.39,1.05,-0.92,0,346,,,0,,4347,117,-143,0,0.52,0.04,-0.04,0,0.54,0.04,-0.04,0,-0.84,0.3,-0.35,0,4.73,0.05,-0.04,0,580.119,12.249,-12.249,31-08-2017 00:00,08-05-2017
Kepler-174 c,44.00045,0.00035,-0.00035,0,0.206,,,0,1.47,0.16,-0.16,0,0.131,0.014,-0.014,0,,,,,,,,,0,,,0,,,,0,347,,,0,,4565,59,-59,0,0.61,0.04,-0.04,0,0.6,0.02,-0.02,0,,,,0,4.65,0.1,-0.1,0,384.757,2.684,-2.684,08-01-2014,28-10-2013
TOI-1266 c,18.80152,0.00054,-0.00067,0,0.1037,0.0026,-0.0025,0,1.673,0.087,-0.11,0,0.149,0.008,-0.01,0,6.4,,,1,0.02014,,,1,0,,,0,2.42,0.23,-0.22,0,347,8,-8,0,M2 V,3573,35,-38,0,0.42,0.01,-0.01,0,0.44,0.02,-0.02,0,-0.08,0.13,-0.1,0,4.83,0.02,-0.02,0,36.0118,0.0295,-0.0295,2020-12,10-01-2022
TOI-2095 b,17.66484,0.00007,-0.00007,0,0.101,0.005,-0.005,0,1.25,0.07,-0.07,0,0.112,0.006,-0.006,0,4.1,,,1,0.0129,,,1,0,,,0,3.43,0.31,-0.31,0,347,9,-9,0,M2.5 V,3759,87,-87,0,0.44,0.02,-0.02,0,0.44,0.02,-0.02,0,-0.24,0.04,-0.04,0,5.11,0.12,-0.12,0,41.9176,0.05,-0.05,2023-04,22-08-2023
TOI-5713 b,10.441989,0.000015,-0.000014,0,0.06008,0.00046,-0.00046,0,1.77,0.17,-0.14,0,0.158,0.015,-0.012,0,,,,,,,,,0.24,0.4,-0.17,0,2.26,0.17,-0.6,0,347,3,-3,0,M3.5+/-0.5,3225,41,-40,0,0.3,0.01,-0.01,0,0.27,0.01,-0.01,0,-0.03,0.13,-0.13,0,4.91,0.02,-0.02,0,40.8668,0.073,-0.0728,2024-10,04-11-2024
Kepler-54 d,20.9954,0.00058,-0.00058,0,0.119,,,0,1.73,0.27,-0.27,0,0.154,0.024,-0.024,0,,,,,,,,,0,,,0,,,,0,348,,,0,,3855,200,-200,0,0.5,0.02,-0.02,0,0.51,0.03,-0.03,0,,,,0,4.75,0.3,-0.3,0,271.701,2.9175,-2.9175,08-01-2014,28-10-2013
Kepler-1459 b,62.869463,0.001024,-0.001024,0,0.2829,,,0,1.96,0.06,-0.12,0,0.175,0.005,-0.011,0,,,,,,,,,0,,,0,3.51,0.51,-0.59,0,349,,,0,,4762,85,-76,0,0.78,0.03,-0.04,0,0.76,0.04,-0.03,0,0.2,0.15,-0.15,0,4.54,0.06,-0.02,0,455.479,4.342,-4.261,31-08-2017 00:00,08-05-2017
Kepler-55 c,42.1406089,0.0003143,-0.0003143,0,0.2095,,,0,1.85,0.13,-0.05,0,0.165,0.012,-0.004,0,,,,,,,,,0,,,0,3.49,0.81,-0.47,0,349,,,0,,4500,90,-90,0,0.65,0.04,-0.02,0,0.71,0.03,-0.04,0,-0.02,0.15,-0.15,0,4.66,0.01,-0.04,0,578.796,9.604,-9.3,31-08-2017 00:00,08-05-2017
TOI-2096 c,6.38784,0.000012,-0.000012,0,0.04,0.002,-0.002,0,1.914,0.095,-0.095,0,0.171,0.008,-0.008,0,,,,,,,,,0.1,0.17,-0.06,0,3.7,0.1,-0.2,0,349,10,-9,0,M4,3300,50,-50,0,0.23,0.01,-0.01,0,0.23,0.01,-0.01,0,-0.03,0.2,-0.2,0,5.05,0.05,-0.05,0,48.4809,0.0982,-0.0978,2023-03,28-03-2023
Kepler-235 d,20.06037454,0.00005435,-0.00005435,0,0.1155,,,0,1.99,0.29,-0.29,0,0.178,0.026,-0.026,0,,,,,,,,,0,,,0,3.53,2.07,-1.16,0,350,,,0,,3887,188,-78,0,0.48,0.07,-0.07,0,0.51,0.07,-0.07,0,-0.36,0.12,-0.12,0,4.78,0.09,-0.09,0,428.018,6.695,-6.495,24-09-2015,25-08-2015
Kepler-235 d,20.06037454,0.00005435,-0.00005435,0,0.1155,,,0,1.99,0.29,-0.29,0,0.178,0.026,-0.026,0,,,,,,,,,0,,,0,3.53,2.07,-1.16,0,350,,,0,,3887,188,-78,0,0.48,0.07,-0.07,0,0.51,0.07,-0.07,0,-0.36,0.12,-0.12,0,4.78,0.09,-0.09,0,428.018,6.695,-6.495,18-12-2014,21-11-2014
Kepler-235 d,20.06037454,0.00005435,-0.00005435,0,0.1155,,,0,1.99,0.29,-0.29,0,0.178,0.026,-0.026,0,,,,,,,,,0,,,0,3.53,2.07,-1.16,0,350,,,0,,3887,188,-78,0,0.48,0.07,-0.07,0,0.51,0.07,-0.07,0,-0.36,0.12,-0.12,0,4.78,0.09,-0.09,0,428.018,6.695,-6.495,04-12-2014,18-11-2014
Kepler-367 c,53.5778376,0.0002944,-0.0002944,0,0.2541,,,0,1.36,0.08,-0.05,0,0.121,0.007,-0.004,0,,,,,,,,,0,,,0,3.55,0.75,-0.5,0,350,,,0,,4722,91,-97,0,0.72,0.04,-0.03,0,0.76,0.03,-0.04,0,0.07,0.15,-0.15,0,4.61,0.01,-0.04,0,188.027,0.86,-0.854,18-12-2014,21-11-2014
Kepler-367 c,53.5778376,0.0002944,-0.0002944,0,0.2541,,,0,1.36,0.08,-0.05,0,0.121,0.007,-0.004,0,,,,,,,,,0,,,0,3.55,0.75,-0.5,0,350,,,0,,4722,91,-97,0,0.72,0.04,-0.03,0,0.76,0.03,-0.04,0,0.07,0.15,-0.15,0,4.61,0.01,-0.04,0,188.027,0.86,-0.854,04-12-2014,18-11-2014
Kepler-367 c,53.5778376,0.0002944,-0.0002944,0,0.2541,,,0,1.36,0.08,-0.05,0,0.121,0.007,-0.004,0,,,,,,,,,0,,,0,3.55,0.75,-0.5,0,350,,,0,,4722,91,-97,0,0.72,0.04,-0.03,0,0.76,0.03,-0.04,0,0.07,0.15,-0.15,0,4.61,0.01,-0.04,0,188.027,0.86,-0.854,24-09-2015,25-08-2015
