pl_name,hostname,sy_snum,pl_controv_flag,pl_orbper,pl_rade,pl_bmasse,pl_eqt,st_spectype,st_teff
GJ 367 b,GJ 367,1,0,0.321962,0.718,0.546,1745,M1.0 V,3522
HD 23472 d,HD 23472,1,0,3.97664,0.75,0.55,909,K4 V,4684
Kepler-85 e,Kepler-85,1,0,25.215,1.2,0.6,,,
TRAPPIST-1 e,TRAPPIST-1,1,0,6.099615,0.918,0.62,251,,2559
GJ 367 b,GJ 367,1,0,0.3219225,0.699,0.633,1365,M1.0 V,3522
Kepler-138 d,Kepler-138,1,0,23.0881,1.212,0.64,,,3841
KOI-55 c,KOI-55,1,1,0.342887,0.867,0.655,,B,27730
TRAPPIST-1 f,TRAPPIST-1,1,0,9.20669,1.045,0.68,219,,2559
TRAPPIST-1 e,TRAPPIST-1,1,0,6.101013,0.92,0.692,,,2566
HD 23472 e,HD 23472,1,0,7.90754,0.818,0.72,723,K4 V,4684
HD 23472 f,HD 23472,1,0,12.1621839,1.137,0.77,630,K4 V,4684
Kepler-128 b,Kepler-128,1,0,15.09,1.43,0.77,,,
TRAPPIST-1 e,TRAPPIST-1,1,0,,0.91,0.772,,,
Kepler-37 b,Kepler-37,1,0,13.36702,0.31,0.79,718,,5357
GJ 9827 c,GJ 9827,1,0,3.6480957,1.241,0.84,,,4340
TRAPPIST-1 b,TRAPPIST-1,1,0,1.51087081,1.086,0.85,400,,2559
Kepler-128 c,Kepler-128,1,0,22.804,1.34,0.9,,,
LP 791-18 d,LP 791-18,1,0,2.753436,1.032,0.9,396,M(6.1 +/- 0.7) V,2960
TRAPPIST-1 f,TRAPPIST-1,1,0,,1.046,0.934,,,
Kepler-138 d,Kepler-138,1,0,23.08933,1.61,1.01,,M1 V,3871
L 98-59 b,L 98-59,1,0,2.2531,0.8,1.01,610,M3 V,3412
TRAPPIST-1 b,TRAPPIST-1,1,0,,1.121,1.017,,,
TRAPPIST-1 f,TRAPPIST-1,1,0,9.20754,1.045,1.039,,,2566
Kepler-36 b,Kepler-36,1,0,13.84984283,1.486,1.08549,,,
Kepler-102 b,Kepler-102,1,0,5.286965,0.46,1.1,857,,4909
TRAPPIST-1 g,TRAPPIST-1,1,0,,1.148,1.148,,,
TRAPPIST-1 c,TRAPPIST-1,1,0,,1.095,1.156,,,
Kepler-138 d,Kepler-138,1,0,23.09302,1.68,1.17,,,
GJ 3929 b,GJ 3929,1,0,2.6162745,1.15,1.21,569,M3.5 V,3369
Kepler-126 c,Kepler-126,1,0,21.86967617,1.608,1.27942,,,
GJ 9827 c,GJ 9827,1,0,3.648096,1.241,1.3,813,,4305
Kepler-37 c,Kepler-37,1,0,21.301848,0.755,1.3,615,,5357
TRAPPIST-1 c,TRAPPIST-1,1,0,2.421937,1.097,1.308,,,2566
GJ 1252 b,GJ 1252,1,0,0.5182331,1.193,1.32,,M3,3458
GJ 1252 b,GJ 1252,1,0,0.5182416,1.18,1.32,,,3458
TRAPPIST-1 g,TRAPPIST-1,1,0,12.352446,1.129,1.321,,,2566
TRAPPIST-1 g,TRAPPIST-1,1,0,12.35294,1.127,1.34,199,,2559
TRAPPIST-1 b,TRAPPIST-1,1,0,1.510826,1.116,1.374,,,2566
TRAPPIST-1 c,TRAPPIST-1,1,0,2.4218233,1.056,1.38,342,,2559
Kepler-409 b,Kepler-409,1,0,68.958608,0.981,1.38462,,,
TOI-1776 b,TOI-1776,1,0,2.799868,1.216,1.4,1269,,5785
TOI-500 b,TOI-500,1,0,0.548177,1.166,1.42,1617,K6 V,4440
TOI-6255 b,TOI-6255,1,0,0.23818244,1.079,1.44,,,3421
GJ 9827 c,GJ 9827,1,0,3.64823,1.24,1.45,771,K6 V,4219
TOI-178 b,TOI-178,1,0,1.914558,1.152,1.5,1040,K,4316
LHS 1815 b,LHS 1815,1,0,3.814334,1.088,1.58,,M1,3643
TOI-270 b,TOI-270,1,0,3.3601538,1.206,1.58,581,M,3506
TOI-561 b,TOI-561,1,0,0.446578,1.423,1.59,,G9 V,5455
K2-3 d,K2-3,1,0,44.556456,1.62,1.6,312,,3835
Kepler-138 c,Kepler-138,1,0,13.781,1.75,1.6,,,
GJ 1132 b,GJ 1132,1,0,1.62893,1.16,1.62,409,M4.5 V,3270
GJ 1132 b,GJ 1132,1,0,1.6289287,1.43,1.63,644,,
Kepler-28 b,Kepler-28,1,0,5.91,1.959,1.63,,,4499.3
GJ 1132 b,GJ 1132,1,0,1.628931,1.13,1.66,529,,3270
Kepler-407 b,Kepler-407,1,0,0.66930969,1.161,1.66905,,,
Kepler-102 c,Kepler-102,1,0,7.071392,0.567,1.7,777,,4909
GJ 3929 b,GJ 3929,1,0,2.616235,1.09,1.75,568,,3384
LHS 1140 c,LHS 1140,1,0,3.77792,1.169,1.76,709,,2988
Kepler-100 d,Kepler-100,1,0,35.3330866,1.536,1.77308,,,
K2-3 d,K2-3,1,0,44.55764,1.65,1.8,,,3835
LHS 1140 c,LHS 1140,1,0,3.777931,1.282,1.81,438,,3216
GJ 1132 b,GJ 1132,1,0,1.62892911,1.192,1.83705,584,,3229
GJ 357 b,GJ 357,1,0,3.93072,1.217,1.84,525,M2.5 V,3505
Kepler-85 b,Kepler-85,1,0,8.3,1.778,1.84,,,5505.2
GJ 9827 c,GJ 9827,1,0,3.648103,1.13,1.86,716,K7 V,4236
GJ 806 b,GJ 806,1,0,0.9263237,1.331,1.9,940,M1.5 V,3600
Kepler-11 b,Kepler-11,1,0,10.3039,1.8,1.9,,,5663
LHS 1140 c,LHS 1140,1,0,3.77794,1.272,1.91,422,M4.5 V,3096
L 98-59 d,L 98-59,1,0,7.4507245,1.521,1.94,416,M3 V,3415
Kepler-138 c,Kepler-138,1,0,13.7813,1.197,1.97,,,3841
Kepler-60 c,Kepler-60,1,0,8.919,1.8,2,,,
TOI-1411 b,TOI-1411,1,0,1.4520527,1.199,2,976,,4115
TOI-561 b,TOI-561,1,0,0.4465688,1.425,2,2310,G9 V,5372
Kepler-1972 b,Kepler-1972,1,0,7.54425,0.802,2.02,,,5818
Kepler-28 c,Kepler-28,1,0,8.99,1.857,2.06,,,4499.3
Kepler-98 b,Kepler-98,1,0,1.54167663,1.87,2.07243,,,
TOI-406 c,TOI-406,1,0,3.307441,1.32,2.08,584,M3,3392
GJ 1252 b,GJ 1252,1,0,0.5182349,1.193,2.09,1089,M3,3458
K2-3 c,K2-3,1,0,24.6491,1.644,2.1,,,
Kepler-138 d,Kepler-138,1,0,23.0923,1.51,2.1,345,,3841
Kepler-54 c,Kepler-54,1,0,12.07,1.688,2.1,,,3853.9
Kepler-80 e,Kepler-80,1,0,4.645,1.3,2.1,,,
Kepler-1972 c,Kepler-1972,1,0,11.3295,0.868,2.11,,,5818
HD 260655 b,HD 260655,1,0,2.76953,1.24,2.14,709,M0 V,3803
Kepler-85 c,Kepler-85,1,0,12.51,1.978,2.15,,,5505.2
K2-3 d,K2-3,1,0,44.55603,1.458,2.2,305,M V,3844
Kepler-345 c,Kepler-345,1,0,9.387,1.3,2.2,,,
TOI-1266 c,TOI-1266,1,0,18.80151,1.56,2.2,344,M3,3600
L 98-59 c,L 98-59,1,0,3.6906777,1.385,2.22,553,M3 V,3415
KOI-1831 d,Kepler-324,1,0,34.169,1.13,2.23,475,,5233
TOI-561 b,TOI-561,1,0,0.4465688,1.37,2.24,,,5326
Kepler-138 c,Kepler-138,1,0,13.7815,1.51,2.3,410,,3841
L 98-59 d,L 98-59,1,0,7.4512,1.57,2.31,409,M3 V,3412
L 98-59 d,L 98-59,1,0,7.450729,1.58,2.31,,M3 V,3412
LHS 1478 b,LHS 1478,1,0,1.9495378,1.242,2.33,595,m3 V,3381
Kepler-1876 b,Kepler-1876,1,0,6.99205,0.853,2.4,1299,,6104
Kepler-65 b,Kepler-65,1,0,2.1549209,1.444,2.4,,,
GJ 9827 c,GJ 9827,1,0,3.648083,1.269,2.42,811,K5 V,4269
L 98-59 c,L 98-59,1,0,3.6906745,1.34,2.42,,M3 V,3412
L 98-59 c,L 98-59,1,0,3.6904,1.35,2.42,517,M3 V,3412
TOI-1807 b,TOI-1807,1,0,0.54937097,1.497,2.44,1694,,4914
Kepler-65 b,Kepler-65,1,0,2.15490904,1.521,2.45457,,,
K2-229 b,K2-229,1,0,0.584,1.197,2.49,,,5185
Wolf 327 b,Wolf 327,1,0,0.5734745,1.24,2.53,996,M2.5 V,3542
Kepler-23 b,Kepler-23,1,0,7.1,1.638,2.56,,,5828
TOI-1807 b,TOI-1807,1,0,0.549374,1.37,2.57,,,4730
K2-229 b,K2-229,1,0,0.584249,1.164,2.59,1960,,5185
Kepler-93 b,Kepler-93,1,0,4.72674,1.5,2.59,,,5669
Kepler-102 d,Kepler-102,1,0,10.312,1.17,2.6,,,
K2-3 c,K2-3,1,0,24.646729,1.582,2.68,372,M V,3844
TOI-244 b,TOI-244,1,0,7.397225,1.52,2.68,458,M2.5 V,3433
Kepler-406 c,Kepler-406,1,0,4.62332,0.85,2.71,,,5538
GJ 486 b,GJ 486,1,0,1.46712127,1.289,2.77,696,,3317
Kepler-114 c,Kepler-114,1,0,8.041,1.6,2.8,,,
GJ 486 b,GJ 486,1,0,1.467119,1.305,2.82,701,M3.5 V,3340
Kepler-80 e,Kepler-80,1,0,4.6447,1.33,2.97,,K5,4540
GJ 486 b,GJ 486,1,0,1.4671205,1.343,3,706,M3.5 V,3291
Kepler-100 d,Kepler-100,1,0,35.3331,1.61,3,,,5825
Kepler-102 c,Kepler-102,1,0,7.07142,0.58,3,,,4903
Kepler-102 d,Kepler-102,1,0,10.311767,1.154,3,686,,4909
Kepler-105 c,Kepler-105,1,0,7.126,1.85,3,,,
TOI-561 b,TOI-561,1,0,0.44656895,1.457,3,2135,,5342
GJ 9827 d,GJ 9827,1,0,6.20183,1.98,3.02,675,K7 V,4236
GJ 9827 d,GJ 9827,1,0,6.201812,1.89,3.02,600,K7 V,4236
TOI-1685 b,TOI-1685,1,0,0.66913924,1.468,3.03,1062,M2.65 V,3575
TOI-431 b,TOI-431,1,0,0.490047,1.28,3.07,1862,,4850
HD 260655 c,HD 260655,1,0,5.70588,1.533,3.09,557,M0 V,3803
Kepler-54 b,Kepler-54,1,0,8.01,1.856,3.09,,,3853.9
TOI-1685 b,TOI-1685,1,0,0.6691406,1.7,3.09,1069,M3.0 V,3434
K2-138 b,K2-138,1,0,2.35309,1.51,3.1,,,5356.3
K2-3 c,K2-3,1,0,24.64638,1.77,3.1,,,3835
Kepler-37 b,Kepler-37,1,0,13.36731,0.296,3.1783,,,5417
Kepler-407 b,Kepler-407,1,0,0.66931,1.07,3.2,,,5476
TOI-561 b,TOI-561,1,0,0.446573,1.45,3.2,2480,,5326
TOI-1468 b,TOI-1468,1,0,1.8805136,1.28,3.21,682,M3.0 V,3496
Kepler-10 b,Kepler-10,1,0,0.8374907,1.47,3.26,2188,,5708
K2-3 c,K2-3,1,0,24.646582,1.69,3.3,381,,3835
Kepler-595 c,Kepler-595,1,0,12.38602,1.009,3.3,,,
TOI-260 b,TOI-260,1,0,13.475815,1.473,3.3,439,,4050
Kepler-10 b,Kepler-10,1,0,0.8374907,1.47,3.33,2169,,5708
Kepler-128 c,Kepler-128,1,0,22.8,1.521,3.38,,,6072
TOI-238 b,TOI-238,1,0,1.2730991,1.402,3.4,1311,K2V,5059
Kepler-97 b,Kepler-97,1,0,2.58663808,1.623,3.40678,,,
HD 23472 c,HD 23472,1,0,29.79749,1.87,3.41,467,K4 V,4684
GJ 9827 b,GJ 9827,1,0,1.2089802,1.62,3.42,1172,K5 V,4269
TOI-1685 b,TOI-1685,1,0,0.6691416,1.459,3.43,1052,,3461
TOI-1416 b,TOI-1416,1,0,1.0697568,1.62,3.48,1517,G9 V,4884
Kepler-414 b,Kepler-414,1,0,4.7,1.71,3.5,,,
Kepler-107 b,Kepler-107,1,0,3.1800218,1.536,3.51,1593,,5854
Kepler-97 b,Kepler-97,1,0,2.58664,1.48,3.51,,,5779
Kepler-98 b,Kepler-98,1,0,1.54168,1.99,3.55,,,5539
Kepler-10 b,Kepler-10,1,0,0.837,1.489,3.57,,,5708
TOI-1444 b,TOI-1444,1,0,0.4702743,1.418,3.58,2130,,5460
Kepler-105 c,Kepler-105,1,0,7.126,1.6,3.6,,,
Kepler-93 b,Kepler-93,1,0,4.72673947,1.629,3.60067,,,
Kepler-10 b,Kepler-10,1,0,0.83749133,1.489,3.65784,,,
GJ 9827 b,GJ 9827,1,0,1.208966,1.58,3.69,1114,K6 V,4219
HD 21749 c,GJ 143,1,0,7.78993,0.892,3.7,701,K4.5,4640
Kepler-60 b,Kepler-60,1,0,7.133,1.6,3.7,,,
Kepler-80 d,Kepler-80,1,0,3.072,1.3,3.7,,,
Kepler-10 b,Kepler-10,1,0,0.8374907,1.47,3.72,,,5708
TOI-286 c,TOI-286,1,0,39.361826,1.88,3.72,475,K3 V,5152
Kepler-101 c,Kepler-101,1,0,6.02976,1.25,3.78,1413,G3 IV,5667
TOI-1685 b,TOI-1685,1,0,0.6691403,1.7,3.78,1069,M3.0 V,3434
Kepler-128 b,Kepler-128,1,0,15,1.421,3.79,,,6072
Kepler-102 d,Kepler-102,1,0,10.3117,1.18,3.8,,,4903
Kepler-107 b,Kepler-107,1,0,3.1800218,1.536,3.8,1592,,5854
Kepler-107 d,Kepler-107,1,0,7.95839,0.86,3.8,1173,,5854
Kepler-93 b,Kepler-93,1,0,4.72673978,1.478,3.8,1037,,5669
Kepler-138 c,Kepler-138,1,0,13.78164,1.61,3.83,,M1 V,3871
Kepler-36 b,Kepler-36,1,0,13.86825,1.498,3.83,,,5979
Kepler-60 c,Kepler-60,1,0,8.9187,1.9,3.85,,,5905
Gliese 12 b,Gliese 12,1,0,12.761408,0.958,3.87,315,M3.0 V,3296
TOI-1444 b,TOI-1444,1,0,0.4702694,1.397,3.87,,,5430
K2-36 b,K2-36,1,0,1.422614,1.43,3.9,1224,,4916
Kepler-323 b,Kepler-323,1,0,1.678328,1.381,3.9,1838,,6004
Kepler-36 b,Kepler-36,1,0,13.848,1.5,3.9,,,
Kepler-60 d,Kepler-60,1,0,11.899,1.6,3.9,,,
Kepler-48 b,Kepler-48,1,0,4.778,1.88,3.94,,,5194
G 9-40 b,G 9-40,1,0,5.7459982,1.9,4,441,,3395
Kepler-62 c,Kepler-62,1,0,12.4417,0.54,4,578,K2 V,4925
TOI-1799 b,TOI-1799,1,0,7.085738,1.422,4,923,,5698
TOI-6008 b,TOI-6008,1,0,0.8574347,1.03,4,707,M5.0,3075
TOI-776 b,TOI-776,1,0,8.24661,1.85,4,514,M1 V,3709
Kepler-93 b,Kepler-93,1,0,4.72673978,1.478,4.02,1037,,5655
Kepler-50 b,Kepler-50,1,0,7.8128584,1.542,4.02572,,,
HD 137496 b,HD 137496,1,0,1.62116,1.31,4.04,2130,G,5799
L 168-9 b,L 168-9,1,0,1.40152604,1.63,4.07,998,M0.5 V,3842
CoRoT-7 b,CoRoT-7,1,0,0.85359163,1.681,4.07661,,,5275
HD 25463 c,HD 25463,1,0,3.04405,1.5,4.1,1707,,6220
TOI-2095 b,TOI-2095,1,0,17.66484,1.25,4.1,347,M2.5 V,3759
Kepler-126 b,Kepler-126,1,0,10.49567752,1.579,4.11726,,,
Kepler-80 e,Kepler-80,1,0,4.64489,1.6,4.13,,K5,4540
Kepler-65 d,Kepler-65,1,0,8.13167,1.587,4.14,,,
Kepler-60 d,Kepler-60,1,0,11.8981,1.99,4.16,,,5905
Kepler-60 b,Kepler-60,1,0,7.1334,1.71,4.19,,,5905
K2-3 c,K2-3,1,0,24.6454,1.72,4.2,,,3896
TOI-260 b,TOI-260,1,0,13.475853,1.71,4.23,493,K8 V,4026
Kepler-65 d,Kepler-65,1,0,8.13122484,1.78,4.24829,,,
GJ 9827 b,GJ 9827,1,0,1.208974,1.44,4.28,1035,K7 V,4236
HD 25463 c,HD 25463,1,0,3.04405,1.364,4.3,1586,,6353
K2-36 b,K2-36,1,0,1.422614,1.43,4.3,1328,,4916
Kepler-102 b,Kepler-102,1,0,5.28696,0.47,4.3,,,4903
Kepler-102 f,Kepler-102,1,0,27.453592,0.861,4.3,495,,4909
Kepler-11 b,Kepler-11,1,0,10.304,1.71,4.3,,,
Kepler-11 b,Kepler-11,1,0,10.30375,1.97,4.3,,,5680
TOI-5720 b,TOI-5720,1,0,1.4344555,1.09,4.3,708,M3.5 +/- 1.0,3325
HD 219134 b,HD 219134,1,0,3.0935,1.606,4.33612,,K3 V,4699
HD 219134 c,HD 219134,1,0,6.76458,1.511,4.36,782,,4699
Kepler-36 b,Kepler-36,1,0,13.83989,1.486,4.45,978,,5911
HIP 29442 c,HD 42813,1,0,3.53796,1.58,4.5,1217,,5289
HIP 29442 c,HD 42813,1,0,3.5379559,1.551,4.5,1123,,5289
TOI-286 b,TOI-286,1,0,4.5117244,1.42,4.53,979,K3 V,5152
TOI-836 b,TOI-836,1,0,3.81673,1.704,4.53,871,K V,4552
Kepler-102 d,Kepler-102,1,0,10.31173752,1.34,4.54125,,,
Kepler-93 b,Kepler-93,1,0,4.72674,1.569,4.54426,,,5669
Kepler-10 b,Kepler-10,1,0,0.837495,1.416,4.56,1833,,5627
CoRoT-7 b,CoRoT-7,1,0,0.854,1.58,4.6,,,5313
KOI-1599.01,KOI-1599,1,0,20.4415,1.9,4.6,,,
Kepler-10 b,Kepler-10,1,0,0.8374912,1.46,4.6,2160,,5643
Kepler-105 c,Kepler-105,1,0,7.1262,1.31,4.6,,,5827
L 168-9 b,L 168-9,1,0,1.4015,1.39,4.6,965,M1 V,3800
Kepler-10 b,Kepler-10,1,0,0.837491,1.481,4.60853,2130,,5627
HD 136352 b,HD 136352,1,0,11.57779,1.482,4.62,911,,5850
Kepler-139 d,Kepler-139,1,0,7.30569992,1.695,4.65808,,,
Kepler-93 b,Kepler-93,1,0,4.72673978,1.478,4.66,1133,,5669
HD 136352 b,HD 136352,1,0,11.57797,1.664,4.72,905,,5664
HD 3167 b,HD 3167,1,0,0.95965428,1.627,4.73,1777,,5300
HD 219134 b,HD 219134,1,0,3.092926,1.602,4.74,1015,,4699
TOI-178 c,TOI-178,1,0,3.23845,1.669,4.77,873,K,4316
GJ 9827 b,GJ 9827,1,0,1.209,1.571,4.89,,,4255
GJ 9827 b,GJ 9827,1,0,1.2089819,1.577,4.91,,,4340
HD 3167 b,HD 3167,1,0,0.959641,1.67,4.97,1774,,5261
K2-141 b,K2-141,1,0,0.2803244,1.51,4.97,2103,,4570
Kepler-408 b,Kepler-408,1,0,2.46502,0.82,5,,,6104
TOI-776 b,TOI-776,1,0,8.24662,1.798,5,520,,3725
HD 3167 b,HD 3167,1,0,0.959641,1.7,5.02,,K0 V,5261
K2-141 b,K2-141,1,0,0.2803244,1.51,5.08,,,4599
HIP 29442 d,HD 42813,1,0,6.42975,1.37,5.1,998,,5289
GJ 9827 b,GJ 9827,1,0,1.2089819,1.577,5.14,1175,,4305
HIP 29442 d,HD 42813,1,0,6.429575,1.538,5.14,920,,5289
K2-141 b,K2-141,1,0,0.28,1.493,5.16,,,4599
Kepler-102 f,Kepler-102,1,0,27.4536,0.88,5.2,,,4903
Kepler-138 c,Kepler-138,1,0,13.781564,1.67,5.2,,,
TOI-663 d,TOI-663,1,0,7.1027268,1.92,5.2,482,M1 V,3681
Kepler-60 b,Kepler-60,1,0,7.1,1.889,5.26,,,6024
K2-111 b,K2-111,1,0,5.3518,1.82,5.29,,G2,5775
Kepler-106 b,Kepler-106,1,0,6.16486,0.82,5.3,,,5858
K2-141 b,K2-141,1,0,0.2803226,1.54,5.31,2039,K7 V,4373
Kepler-406 b,Kepler-406,1,0,2.42630084,1.451,5.33198,,,
Kepler-100 b,Kepler-100,1,0,6.88706037,1.344,5.44492,,,
Kepler-36 b,Kepler-36,1,0,13.849039,1.582,5.56,,,
K2-111 b,K2-111,1,0,5.3518,1.82,5.58,1309,,5775
HD 3167 b,HD 3167,1,0,0.96,1.626,5.59,,,5261
HD 80653 b,HD 80653,1,0,0.719573,1.613,5.6,,G2,
Kepler-105 c,Kepler-105,1,0,7.12592,1.44,5.6,,,5933
LHS 1140 b,LHS 1140,1,0,24.73723,1.73,5.6,226,M4.5 V,3096
TOI-1798.02,TOI-1798,1,0,0.4378146,1.399,5.6,1936,,5106
HD 3167 b,HD 3167,1,0,0.959632,1.574,5.69,1759,,5286
Kepler-507 b,Kepler-507,1,0,3.56809693,1.284,5.69692,,,
HD 80653 b,HD 80653,1,0,0.719573,1.613,5.72,2463,,5959
TOI-733 b,TOI-733,1,0,4.884765,1.992,5.72,1056,G,5585
CoRoT-7 b,CoRoT-7,1,0,0.85359159,1.585,5.74,1756,,5259
TOI-1235 b,TOI-1235,1,0,3.444717,1.694,5.9,775,M0.5 V,3997
Kepler-80 d,Kepler-80,1,0,3.0723,1.309,5.95,,K5,4540
Kepler-409 b,Kepler-409,1,0,68.9583216,1.199,6,438,,5421
CoRoT-7 b,CoRoT-7,1,0,0.8535,1.528,6.056,,G9 V,5250
K2-131 b,K2-131,1,0,0.369,1.651,6.3,,,5200
Kepler-406 b,Kepler-406,1,0,2.42629,1.43,6.35,,,5538
TOI-1695 b,TOI-1695,1,0,3.1342791,1.9,6.36,698,M1 V,3690
LHS 1140 b,LHS 1140,1,0,24.73694,1.635,6.38,379,,2988
K2-291 b,K2-291,1,0,2.225,1.582,6.4,,,5520
TOI-1266 c,TOI-1266,1,0,18.80152,1.673,6.4,347,M2 V,3573
TOI-1347 c,TOI-1347,1,0,4.841962,1.6,6.4,1000,,5464
K2-291 b,K2-291,1,0,2.225177,1.589,6.49,,,5520
K2-131 b,K2-131,1,0,0.3693038,1.81,6.5,,,5200
Kepler-48 b,Kepler-48,1,0,4.77800403,1.855,6.60916,,,
LHS 1140 b,LHS 1140,1,0,24.73712,1.43,6.65,230,M4.5 V,3131
TOI-1235 b,TOI-1235,1,0,3.444714,1.69,6.69,,M0.5 V,3997
Kepler-80 d,Kepler-80,1,0,3.07222,1.53,6.75,,K5,4540
WASP-47 e,WASP-47,1,0,0.7895933,1.808,6.77,,,5552
Kepler-114 b,Kepler-114,1,0,5.189,1.02,6.8,,,
Kepler-323 c,Kepler-323,1,0,3.5538229,1.57,6.8,1431,,6004
WASP-47 e,WASP-47,1,0,0.789592,1.81,6.83,,,5552
K2-199 b,K2-199,1,0,3.2253993,1.73,6.9,913,,4491
TOI-1235 b,TOI-1235,1,0,3.444729,1.738,6.91,754,,3872
WASP-47 e,WASP-47,1,0,0.79,1.773,6.91,,,5552
LHS 1140 b,LHS 1140,1,0,24.736959,1.727,6.98,235,,3216
CoRoT-7 b,CoRoT-7,1,0,0.853585,1.861,6.99226,1910,,5250
HD 15337 b,HD 15337,1,0,4.75642,1.699,7.2,1006,,5131
HD 219134 f,HD 219134,1,1,22.717,1.31,7.3,523,,4699
K2-38 b,K2-38,1,0,4.01593,1.54,7.3,1266,G2 V,5731
Kepler-339 c,Kepler-339,1,0,6.988,1.16,7.3,,,
Kepler-100 b,Kepler-100,1,0,6.88705,1.32,7.34,,,5825
Kepler-57 c,Kepler-57,1,0,11.609,1.68,7.4,,,
TOI-2095 c,TOI-2095,1,0,28.17232,1.33,7.4,297,M2.5 V,3759
HD 20329 b,HD 20329,1,0,0.926118,1.72,7.42,2141,,5596
Kepler-11 b,Kepler-11,1,0,10.30400497,1.92,7.45449,,,
K2-3 d,K2-3,1,0,44.5631,1.52,7.5,,,3896
K2-415 b,K2-415,1,0,4.0179694,1.015,7.5,412,M5 V,3173
HD 15337 b,HD 15337,1,0,4.75615,1.64,7.51,1001,K1 V,5125
K2-38 b,K2-38,1,0,4.01593,1.655,7.7,1310,,5705
Kepler-107 d,Kepler-107,1,0,7.95839,0.86,7.7,1173,,5854
EPIC 220674823 b,EPIC 220674823,1,0,0.571,1.712,7.72,,,5496
K2-131 b,K2-131,1,0,0.3693038,1.69,7.9,2223,,5120
K2-216 b,K2-216,1,0,2.1748,1.75,8,1103,K5 V,4503
Kepler-106 d,Kepler-106,1,0,23.9802,0.95,8.1,,,5858
EPIC 220674823 b,EPIC 220674823,1,0,0.571292,1.725,8.21,2300,,5532
Kepler-131 c,Kepler-131,1,0,25.5169,0.84,8.25,,,5685
EPIC 220674823 b,EPIC 220674823,1,0,0.571292,1.52,8.36,2333,G5 V,5470
Kepler-9 d,Kepler-9,1,0,1.59295975,1.507,8.41466,,,
Kepler-338 e,Kepler-338,1,0,9.341,1.56,8.5,,,
K2-111 b,K2-111,1,0,5.35117,1.9,8.6,1309,,5730
LHS 1815 b,LHS 1815,1,0,3.81433,1.088,8.7,617,M1,3643
EPIC 249893012 b,EPIC 249893012,1,0,3.5951,1.95,8.75,1616,G8 IV/V,5430
Kepler-184 c,Kepler-184,1,0,20.303,1.95,8.8,,,
Kepler-30 b,Kepler-30,1,0,29.323,1.9,8.8,,,
HD 213885 b,HD 213885,1,0,1.008035,1.745,8.83,2128,G,5978
Kepler-48 d,Kepler-48,1,0,42.89605505,1.98,8.89085,,,
EPIC 220674823 b,EPIC 220674823,1,0,0.571336,1.82,9,2063,,5496
KOI-1599.02,KOI-1599,1,0,13.6088,1.9,9,,,
Kepler-62 b,Kepler-62,1,0,5.714932,1.31,9,750,K2 V,4925
TOI-1347 c,TOI-1347,1,0,4.841968,1.678,9,950,,5493
TOI-1467 b,TOI-1467,1,0,5.97199,1.676,9,506,,3776
WASP-47 e,WASP-47,1,0,0.78961,1.83,9,,,
Kepler-57 c,Kepler-57,1,0,11.6092567,1.55,9.1,,,5145
WASP-47 e,WASP-47,1,0,0.789636,1.82,9.1,,,5576
KOI-3503 b,KOI-3503,1,0,21.185,1.19,9.2,785,,6001
Kepler-107 c,Kepler-107,1,0,4.901452,1.597,9.39,1379,,5854
TOI-784 b,HD 307842,1,0,2.7970365,1.93,9.67,,G,5558
TOI-1075 b,TOI-1075,1,0,0.6047328,1.791,9.95,1323,K9 V/M0 V,3875
Gliese 12 b,Gliese 12,1,0,12.76142,0.9,10,315,M4 V,3253
K2-19 d,K2-19,1,0,2.5081,1.11,10,,,5322
Kepler-107 c,Kepler-107,1,0,4.901452,1.597,10,1378,,5854
Kepler-37 b,Kepler-37,1,0,13.3675,0.32,10,,,5417
Kepler-50 c,Kepler-50,1,0,9.37664325,1.825,10.20333,,,
KOI-3503 c,KOI-3503,1,0,31.828,1.21,10.36,686,,6001
K2-285 e,K2-285,1,0,14.76289,1.95,10.7,501,K2 V,4975
K2-3 d,K2-3,1,0,44.5705,1.53,11.1,,,
TOI-1347 b,TOI-1347,1,0,0.84742346,1.8,11.1,1400,,5464
K2-233 b,K2-233,1,0,2.4675,1.343,11.26,1121,,5033
Kepler-113 b,Kepler-113,1,0,4.754,1.82,11.7,,,4725
Kepler-161 c,Kepler-161,1,0,7.064,1.87,11.8,,,
K2-38 b,K2-38,1,0,4.01593,1.55,12,1184,G2 V,5757
Kepler-37 c,Kepler-37,1,0,21.302,0.75,12,,,5417
Kepler-161 b,Kepler-161,1,0,4.921,1.93,12.1,,,
Kepler-37 d,Kepler-37,1,0,39.7922,1.94,12.2,,,5417
TOI-1347 b,TOI-1347,1,0,0.84742431,1.814,12.2,1698,,5493
WASP-47 e,WASP-47,1,0,0.789593,1.817,12.2,,,5576
Kepler-18 b,Kepler-18,1,0,3.50468755,1.809,12.7511,,,
K2-233 c,K2-233,1,0,7.06005,1.281,12.81,790,,5033
LP 890-9 b,LP 890-9,1,0,2.7299025,1.32,13.2,396,M6 V,2850
TOI-411 b,HD 22946,1,0,4.040295,1.362,13.71,1241,,6169
K2-19 d,K2-19,1,0,2.50856,1.14,14,,,5430
Kepler-62 d,Kepler-62,1,0,18.16406,1.95,14,510,K2 V,4925
Kepler-339 d,Kepler-339,1,0,10.558,1.18,14.7,,,
Kepler-23 b,Kepler-23,1,0,7.107,1.9,15.2,,,
WASP-84 c,WASP-84,1,0,1.4468849,1.95,15.2,1329,K0,
HD 219134 d,HD 219134,1,0,46.859,1.61,16.17,410,,4699
Kepler-450 d,Kepler-450,1,0,7.5144279,0.941,17.6,,,
HD 23472 b,HD 23472,1,0,17.667,1.872,17.92,,,
K2-38 b,K2-38,1,0,4.01593,1.906,19.0698,,,5757
TOI-2285 b,TOI-2285,1,0,27.26955,1.74,19.5,284,,3491
Kepler-54 c,Kepler-54,1,0,12.072,1.32,19.8,,,
Kepler-327 c,Kepler-327,1,0,5.212,1.18,20.3,,,
CoRoT-7 b,CoRoT-7,1,0,0.853585,1.68,21,,G9 V,5275
Kepler-409 b,Kepler-409,1,0,68.9584,1.19,22,,,5460
WASP-47 e,WASP-47,1,0,0.789597,1.829,22,,,5576
Kepler-226 b,Kepler-226,1,0,3.941,1.56,24,,,
LP 890-9 c,LP 890-9,1,0,8.457463,1.367,25.3,272,M6 V,2850
Kepler-128 b,Kepler-128,1,0,15.09,1.13,30.7,,,
TOI-1136 b,TOI-1136,1,0,4.17278,1.9,31,1216,,5805
Kepler-128 c,Kepler-128,1,0,22.804,1.13,33.3,,,
Kepler-203 d,Kepler-203,1,0,11.33,1.22,33.9,,,
Kepler-62 f,Kepler-62,1,0,267.291,1.41,35,208,K2 V,4925
Kepler-122 f,Kepler-122,1,0,56.268,1.75,36,,,
Kepler-62 e,Kepler-62,1,0,122.3874,1.61,36,270,K2 V,4925
Kepler-128 c,Kepler-128,1,0,22.801,1.13,37,,,
WASP-132 c,WASP-132,1,0,1.011534,1.85,37.35,,K4,4714
Kepler-114 c,Kepler-114,1,0,8.041,1.29,40,,,
Kepler-84 b,Kepler-84,1,0,8.726,1.95,40,,,
Kepler-128 b,Kepler-128,1,0,15.09,1.13,42.7,,,
Kepler-52 c,Kepler-52,1,0,16.3850021,1.84,45.4,,,4075
Kepler-79 b,Kepler-79,1,0,13.485,1.92,54.1,,,
TOI-1749 b,TOI-1749,1,0,2.38839,1.39,57,831,M0 V,3985
Kepler-272 b,Kepler-272,1,0,2.971,1.31,78,,,
Kepler-323 c,Kepler-323,1,0,3.554,1.9,79.7,,,
Kepler-349 b,Kepler-349,1,0,5.93,1.86,94.5,,,
Kepler-272 c,Kepler-272,1,0,6.057,1.63,97.8,,,
KOI-4777.01,KOI-4777,1,0,0.412,0.51,99.2,1180,,3515
Kepler-415 b,Kepler-415,1,0,4.176,1.21,119.9,,,
K2-137 b,K2-137,1,0,0.179715,0.89,158.915,1471,M3 V,3492
Kepler-23 b,Kepler-23,1,0,7.1073,1.9,254.3,,,5760
Kepler-323 b,Kepler-323,1,0,1.678,1.67,684.4,,,
